timestamp,frame_number,object_id,object_type,confidence,bbox_x1,bbox_y1,bbox_x2,bbox_y2,center_x,center_y,width,height,area,zone,speed,direction,source
2025-09-14 18:40:24.926398,0,1,person,0.5303879976272583,1365.106689453125,-2688.993896484375,1487.8070068359375,-2466.525146484375,1426.4568481445312,-2577.759521484375,122.7003173828125,222.46875,27296.98623275757,unknown_area,,,20250910_205534_3687560-uhd_2160_3840_30fps.mp4
2025-09-14 18:40:24.926398,0,2,person,0.3993443250656128,464.05621337890625,120.97705078125,523.9928588867188,284.715087890625,494.0245361328125,202.8460693359375,59.9366455078125,163.738037109375,9813.908686369658,entrance,,,20250910_205534_3687560-uhd_2160_3840_30fps.mp4
2025-09-14 18:40:24.926398,0,3,person,0.3690119981765747,1394.53662109375,-812.1051025390625,1479.8743896484375,-629.5555419921875,1437.2055053710938,-720.830322265625,85.3377685546875,182.549560546875,15578.372147709131,unknown_area,,,20250910_205534_3687560-uhd_2160_3840_30fps.mp4
2025-09-14 18:40:24.926398,0,4,umbrella,0.35126248002052307,994.0659790039062,187.81732177734375,1236.85888671875,316.13763427734375,1115.4624328613281,251.97747802734375,242.79290771484375,128.3203125,31155.26179075241,entrance,,,20250910_205534_3687560-uhd_2160_3840_30fps.mp4
2025-09-14 18:40:24.926398,0,5,person,0.3323785662651062,1784.53271484375,-2620.532958984375,1901.91650390625,-2410.412109375,1843.224609375,-2515.4725341796875,117.3837890625,210.120849609375,24664.78148818016,unknown_area,,,20250910_205534_3687560-uhd_2160_3840_30fps.mp4
2025-09-14 18:40:24.926398,0,6,person,0.32986173033714294,1614.756103515625,-2579.937255859375,1758.1954345703125,-2352.678466796875,1686.4757690429688,-2466.307861328125,143.4393310546875,227.2587890625,32597.848679423332,unknown_area,,,20250910_205534_3687560-uhd_2160_3840_30fps.mp4
2025-09-14 18:40:24.926398,0,7,person,0.3288010358810425,332.9766540527344,-931.3507080078125,410.3568420410156,-725.6595458984375,371.666748046875,-828.505126953125,77.38018798828125,205.691162109375,15916.42079155147,unknown_area,,,20250910_205534_3687560-uhd_2160_3840_30fps.mp4
2025-09-14 18:40:24.926398,0,8,person,0.2980263829231262,1203.5281982421875,-1770.968994140625,1301.6412353515625,-1500.748046875,1252.584716796875,-1635.8585205078125,98.113037109375,270.220947265625,26512.19782680273,unknown_area,,,20250910_205534_3687560-uhd_2160_3840_30fps.mp4
2025-09-14 18:40:25.133393,3,1,person,0.5408121943473816,1366.7373046875,-2688.730712890625,1490.65087890625,-2465.175537109375,1428.694091796875,-2576.953125,123.91357421875,223.55517578125,27701.520866155624,unknown_area,11.488860891072159,19.821290312369385,20250910_205534_3687560-uhd_2160_3840_30fps.mp4
2025-09-14 18:40:25.133393,3,2,person,0.34021273255348206,462.852294921875,119.227783203125,522.2215576171875,287.15374755859375,492.53692626953125,203.19076538085938,59.3692626953125,167.92596435546875,9969.640691183507,entrance,7.377099672103467,166.95414527774224,20250910_205534_3687560-uhd_2160_3840_30fps.mp4
2025-09-14 18:40:25.133393,3,3,person,0.3109988570213318,1386.48486328125,-810.985595703125,1468.3760986328125,-638.6536865234375,1427.4304809570312,-724.8196411132812,81.8912353515625,172.3319091796875,14112.472933217883,unknown_area,51.004782457348746,-157.79896857033452,20250910_205534_3687560-uhd_2160_3840_30fps.mp4
2025-09-14 18:40:25.133393,3,4,umbrella,0.25572654604911804,995.6025390625,184.9564208984375,1235.037841796875,313.3416748046875,1115.3201904296875,249.1490478515625,239.435302734375,128.38525390625,30739.96213567257,entrance,13.681512211231087,-92.87899302782785,20250910_205534_3687560-uhd_2160_3840_30fps.mp4
2025-09-14 18:40:25.133393,3,5,person,0.3409183919429779,1785.6455078125,-2616.428466796875,1903.051025390625,-2406.69140625,1844.3482666015625,-2511.5599365234375,117.405517578125,209.737060546875,24624.2881488204,unknown_area,19.665946076651323,73.97648662658142,20250910_205534_3687560-uhd_2160_3840_30fps.mp4
2025-09-14 18:40:25.133393,3,6,person,0.2639058232307434,1618.673583984375,-2570.393310546875,1758.8885498046875,-2348.345458984375,1688.7810668945312,-2459.369384765625,140.2149658203125,222.0478515625,31134.43191730976,unknown_area,35.32172036041606,71.62101440845582,20250910_205534_3687560-uhd_2160_3840_30fps.mp4
2025-09-14 18:40:25.133393,3,7,person,0.2179182469844818,334.370849609375,-933.235595703125,413.1220397949219,-722.8953857421875,373.74644470214844,-828.0654907226562,78.75119018554688,210.3402099609375,16564.54187830165,unknown_area,10.269123023760677,11.936276480515549,20250910_205534_3687560-uhd_2160_3840_30fps.mp4
2025-09-14 18:40:25.133393,3,8,person,0.18708109855651855,1204.5299072265625,-1778.113037109375,1304.200927734375,-1509.061279296875,1254.3654174804688,-1643.587158203125,99.6710205078125,269.0517578125,26816.66327059269,unknown_area,38.315536520503294,-77.02531173724584,20250910_205534_3687560-uhd_2160_3840_30fps.mp4
2025-09-14 18:40:25.293627,6,1,person,0.5764075517654419,1370.2979736328125,-2690.37548828125,1490.952880859375,-2467.9912109375,1430.6254272460938,-2579.183349609375,120.6549072265625,222.38427734375,26831.7543515563,unknown_area,18.4121171563841,-49.108010562537075,20250910_205534_3687560-uhd_2160_3840_30fps.mp4
2025-09-14 18:40:25.293627,6,2,person,0.26415422558784485,463.5459899902344,117.108154296875,522.282958984375,286.66851806640625,492.9144744873047,201.88833618164062,58.736968994140625,169.56036376953125,9959.461829366162,entrance,8.462919057292256,-73.83418162464841,20250910_205534_3687560-uhd_2160_3840_30fps.mp4
2025-09-14 18:40:25.293627,6,3,person,0.17203332483768463,1359.7552490234375,-824.138916015625,1458.717041015625,-645.3653564453125,1409.2361450195312,-734.7521362304688,98.9617919921875,178.7735595703125,17691.751815900207,unknown_area,129.36658078697448,-151.36937116920527,20250910_205534_3687560-uhd_2160_3840_30fps.mp4
2025-09-14 18:40:25.293627,6,4,umbrella,0.3582594692707062,1001.1397705078125,180.9029541015625,1238.4532470703125,319.77056884765625,1119.7965087890625,250.33676147460938,237.3134765625,138.86761474609375,32955.1564373374,entrance,28.902781143848657,14.860036924732594,20250910_205534_3687560-uhd_2160_3840_30fps.mp4
2025-09-14 18:40:25.293627,6,5,person,0.2543129622936249,1785.432373046875,-2618.781982421875,1901.701416015625,-2409.75537109375,1843.56689453125,-2514.2686767578125,116.26904296875,209.026611328125,24303.32405412197,unknown_area,17.594187946934614,-106.09090802980059,20250910_205534_3687560-uhd_2160_3840_30fps.mp4
2025-09-14 18:40:25.293627,6,6,person,0.22922489047050476,1620.59326171875,-2565.938720703125,1760.0596923828125,-2351.03271484375,1690.3264770507812,-2458.4857177734375,139.4664306640625,214.906005859375,29972.173565477133,unknown_area,11.11008552128092,29.760962475705607,20250910_205534_3687560-uhd_2160_3840_30fps.mp4
2025-09-14 18:40:25.293627,6,7,person,0.2625589966773987,337.5072937011719,-934.7135009765625,419.79376220703125,-733.0123291015625,378.65052795410156,-833.8629150390625,82.28646850585938,201.701171875,16597.277127087116,unknown_area,47.3896228025316,-49.77187649092527,20250910_205534_3687560-uhd_2160_3840_30fps.mp4
2025-09-14 18:40:25.293627,6,8,person,0.26189085841178894,1208.487060546875,-1790.10791015625,1310.9068603515625,-1522.6884765625,1259.6969604492188,-1656.398193359375,102.4197998046875,267.41943359375,27389.044852554798,unknown_area,86.599383501548,-67.40448396163623,20250910_205534_3687560-uhd_2160_3840_30fps.mp4
2025-09-14 18:40:25.453951,9,1,person,0.5280792117118835,1369.95654296875,-2688.142578125,1492.3831787109375,-2465.611328125,1431.1698608398438,-2576.876953125,122.4266357421875,222.53125,27243.752285003662,unknown_area,14.781213393830821,76.71824527400237,20250910_205534_3687560-uhd_2160_3840_30fps.mp4
2025-09-14 18:40:25.453951,9,2,person,0.22672808170318604,462.7734680175781,114.489990234375,524.5088500976562,286.265380859375,493.6411590576172,200.377685546875,61.735382080078125,171.775390625,10604.619372189045,entrance,10.455988923582163,-64.31054774474542,20250910_205534_3687560-uhd_2160_3840_30fps.mp4
2025-09-14 18:40:25.453951,9,3,person,0.12213299423456192,1342.68798828125,-829.2216796875,1448.588134765625,-653.143310546875,1395.6380615234375,-741.1824951171875,105.900146484375,176.078369140625,18646.725084722042,unknown_area,93.8216025818896,-154.69113491987892,20250910_205534_3687560-uhd_2160_3840_30fps.mp4
2025-09-14 18:40:25.453951,9,4,umbrella,0.429610013961792,1002.0338134765625,184.820068359375,1240.255615234375,318.14581298828125,1121.1447143554688,251.48294067382812,238.2218017578125,133.32574462890625,31761.09910620004,entrance,11.037474014155064,40.369580858509835,20250910_205534_3687560-uhd_2160_3840_30fps.mp4
2025-09-14 18:40:25.453951,9,5,person,0.33620572090148926,1787.427978515625,-2620.238525390625,1904.871826171875,-2409.529052734375,1846.14990234375,-2514.8837890625,117.44384765625,210.70947265625,24746.5312063694,unknown_area,16.56170436814668,-13.394816161201035,20250910_205534_3687560-uhd_2160_3840_30fps.mp4
2025-09-14 18:40:25.453951,9,6,person,0.2622876763343811,1622.412841796875,-2568.708984375,1761.5892333984375,-2349.827880859375,1692.0010375976562,-2459.2684326171875,139.1763916015625,218.881103515625,30463.082177072763,unknown_area,11.529512825756166,-25.052095585127166,20250910_205534_3687560-uhd_2160_3840_30fps.mp4
2025-09-14 18:40:25.453951,9,7,person,0.25662073493003845,339.5327453613281,-936.4984130859375,422.2543640136719,-733.530029296875,380.8935546875,-835.0142211914062,82.72161865234375,202.9683837890625,16789.873242281377,unknown_area,15.725934290988898,-27.170631600633115,20250910_205534_3687560-uhd_2160_3840_30fps.mp4
2025-09-14 18:40:25.453951,9,8,person,0.2362811118364334,1214.5643310546875,-1791.98974609375,1317.52685546875,-1538.047119140625,1266.0455932617188,-1665.0184326171875,102.9625244140625,253.942626953125,26146.5739274323,unknown_area,66.77588574577084,-53.62910130884875,20250910_205534_3687560-uhd_2160_3840_30fps.mp4
2025-09-14 18:40:25.626638,12,1,person,0.49956849217414856,1369.9832763671875,-2691.40185546875,1495.0791015625,-2466.45263671875,1432.5311889648438,-2578.92724609375,125.0958251953125,224.94921875,28140.208146572113,unknown_area,14.25168167512888,-56.41712744626067,20250910_205534_3687560-uhd_2160_3840_30fps.mp4
2025-09-14 18:40:25.626638,12,2,person,0.22805966436862946,460.7524108886719,115.675048828125,520.6700439453125,285.82666015625,490.7112274169922,200.7508544921875,59.917633056640625,170.151611328125,10195.08181155473,entrance,17.10377884493071,172.7416374835914,20250910_205534_3687560-uhd_2160_3840_30fps.mp4
2025-09-14 18:40:25.626638,12,3,person,0.12410496175289154,1337.1221923828125,-827.837646484375,1429.9259033203125,-659.95751953125,1383.5240478515625,-743.8975830078125,92.8037109375,167.880126953125,15579.898773908615,unknown_area,71.89046717838515,-167.36718780545263,20250910_205534_3687560-uhd_2160_3840_30fps.mp4
2025-09-14 18:40:25.626638,12,4,umbrella,0.43458524346351624,1003.273681640625,185.3311767578125,1240.94775390625,322.17352294921875,1122.1107177734375,253.75234985351562,237.674072265625,136.84234619140625,32523.877677693963,entrance,14.282783410726775,66.94234242852258,20250910_205534_3687560-uhd_2160_3840_30fps.mp4
2025-09-14 18:40:25.626638,12,5,person,0.297746866941452,1787.6370849609375,-2617.610595703125,1905.8033447265625,-2409.13720703125,1846.72021484375,-2513.3739013671875,118.166259765625,208.473388671875,24634.520600020885,unknown_area,9.346427742421358,69.30752202460376,20250910_205534_3687560-uhd_2160_3840_30fps.mp4
2025-09-14 18:40:25.626638,12,6,person,0.2748936712741852,1622.1629638671875,-2568.36865234375,1764.7882080078125,-2353.989013671875,1693.4755859375,-2461.1788330078125,142.625244140625,214.379638671875,30575.948304355145,unknown_area,13.974881926400036,-52.33713582885352,20250910_205534_3687560-uhd_2160_3840_30fps.mp4
2025-09-14 18:40:25.626638,12,7,person,0.2760416865348816,338.9839172363281,-946.431396484375,424.231201171875,-738.6287841796875,381.60755920410156,-842.5300903320312,85.24728393554688,207.8026123046875,17714.608293686062,unknown_area,43.719029419372525,-84.5732105578314,20250910_205534_3687560-uhd_2160_3840_30fps.mp4
2025-09-14 18:40:25.626638,12,8,person,0.2621370553970337,1219.7718505859375,-1804.562255859375,1325.113525390625,-1561.948974609375,1272.4426879882812,-1683.255615234375,105.3416748046875,242.61328125,25557.289376735687,unknown_area,111.91696386761454,-70.67055329449502,20250910_205534_3687560-uhd_2160_3840_30fps.mp4
2025-09-14 18:40:25.799941,15,1,person,0.52805495262146,1371.9075927734375,-2694.846923828125,1496.967529296875,-2467.600341796875,1434.4375610351562,-2581.2236328125,125.0599365234375,227.24658203125,28419.443123996258,unknown_area,17.221675608013328,-50.30184505395789,20250910_205534_3687560-uhd_2160_3840_30fps.mp4
2025-09-14 18:40:25.799941,15,2,person,0.13947361707687378,457.6540832519531,114.12664794921875,516.7285766601562,283.18499755859375,487.1913299560547,198.65582275390625,59.074493408203125,169.058349609375,9987.036359600723,entrance,23.6360464837348,-149.23902714718758,20250910_205534_3687560-uhd_2160_3840_30fps.mp4
2025-09-14 18:40:25.799941,15,3,person,0.1523042619228363,1327.2679443359375,-829.4237060546875,1409.09130859375,-668.554931640625,1368.1796264648438,-748.9893188476562,81.8233642578125,160.8687744140625,13162.824326589704,unknown_area,93.28839866204993,-161.6426190998329,20250910_205534_3687560-uhd_2160_3840_30fps.mp4
2025-09-14 18:40:25.799941,15,4,umbrella,0.4419822692871094,1005.5888671875,182.1624755859375,1243.232666015625,343.853759765625,1124.4107666015625,263.00811767578125,237.643798828125,161.6912841796875,38424.93100985885,entrance,55.032325118185085,76.04472844216814,20250910_205534_3687560-uhd_2160_3840_30fps.mp4
2025-09-14 18:40:25.799941,15,5,person,0.203712597489357,1790.7333984375,-2619.517822265625,1904.482421875,-2410.218017578125,1847.60791015625,-2514.867919921875,113.7490234375,209.2998046875,23807.64838886261,unknown_area,10.027765721261025,-59.2826501752528,20250910_205534_3687560-uhd_2160_3840_30fps.mp4
2025-09-14 18:40:25.799941,15,6,person,0.2365489900112152,1622.0732421875,-2571.9921875,1770.2271728515625,-2357.061767578125,1696.1502075195312,-2464.5269775390625,148.1539306640625,214.930419921875,31842.786530703306,unknown_area,24.72712860801503,-51.380847471450956,20250910_205534_3687560-uhd_2160_3840_30fps.mp4
2025-09-14 18:40:25.799941,15,7,person,0.23481930792331696,335.95654296875,-953.6187744140625,428.1853942871094,-747.406494140625,382.0709686279297,-850.5126342773438,92.22885131835938,206.2122802734375,19018.72173735872,unknown_area,46.138749762942375,-86.67754574678186,20250910_205534_3687560-uhd_2160_3840_30fps.mp4
2025-09-14 18:40:25.799941,15,8,person,0.38020679354667664,1225.3104248046875,-1835.03369140625,1332.678466796875,-1586.684814453125,1278.9944458007812,-1710.8592529296875,107.3680419921875,248.348876953125,26664.73264941573,unknown_area,163.7047190850155,-76.64784969922579,20250910_205534_3687560-uhd_2160_3840_30fps.mp4
2025-09-14 18:40:25.799941,15,17,person,0.33008500933647156,1082.6676025390625,-521.8922119140625,1173.46533203125,-380.4906005859375,1128.0664672851562,-451.19140625,90.7977294921875,141.401611328125,12838.94525513053,unknown_area,,,20250910_205534_3687560-uhd_2160_3840_30fps.mp4
2025-09-14 18:40:26.004963,18,1,person,0.5801699161529541,1374.080810546875,-2699.8720703125,1498.329345703125,-2468.901123046875,1436.205078125,-2584.3865966796875,124.24853515625,230.970947265625,28697.801861405373,unknown_area,17.672841346827987,-60.802811315138,20250910_205534_3687560-uhd_2160_3840_30fps.mp4
2025-09-14 18:40:26.004963,18,2,person,0.10805588215589523,459.72998046875,104.0660400390625,534.4749755859375,279.42657470703125,497.10247802734375,191.74630737304688,74.7449951171875,175.36053466796875,13107.322307504714,entrance,58.92976355578294,-34.88211936814068,20250910_205534_3687560-uhd_2160_3840_30fps.mp4
2025-09-14 18:40:26.004963,18,3,person,0.27769163250923157,1311.553466796875,-855.349609375,1396.036376953125,-671.989990234375,1353.794921875,-763.6697998046875,84.48291015625,183.359619140625,15490.75423014164,unknown_area,100.2490168557003,-134.4169604545475,20250910_205534_3687560-uhd_2160_3840_30fps.mp4
2025-09-14 18:40:26.004963,18,4,umbrella,0.35964563488960266,1006.5973510742188,179.129638671875,1249.478515625,333.7276611328125,1128.0379333496094,256.42864990234375,242.88116455078125,154.5980224609375,37548.94773256034,entrance,36.64503153138082,-61.13267852486025,20250910_205534_3687560-uhd_2160_3840_30fps.mp4
2025-09-14 18:40:26.004963,18,5,person,0.23629988729953766,1789.096435546875,-2620.843017578125,1906.548583984375,-2414.38525390625,1847.822509765625,-2517.6141357421875,117.4521484375,206.457763671875,24248.907904863358,unknown_area,13.43557212533573,-85.5317730191143,20250910_205534_3687560-uhd_2160_3840_30fps.mp4
2025-09-14 18:40:26.004963,18,6,person,0.3054623305797577,1626.5704345703125,-2572.558837890625,1775.163818359375,-2364.088623046875,1700.8671264648438,-2468.32373046875,148.5933837890625,208.47021484375,30977.294642865658,unknown_area,29.534073295509398,-38.83136117313231,20250910_205534_3687560-uhd_2160_3840_30fps.mp4
2025-09-14 18:40:26.004963,18,7,person,0.1966339349746704,334.0555725097656,-959.7259521484375,430.4170837402344,-761.987548828125,382.236328125,-860.8567504882812,96.36151123046875,197.7384033203125,19054.371372245252,unknown_area,50.46013516901712,-89.08415623315415,20250910_205534_3687560-uhd_2160_3840_30fps.mp4
2025-09-14 18:40:26.004963,18,8,person,0.3205958902835846,1224.6348876953125,-1851.161865234375,1338.155029296875,-1602.933349609375,1281.3949584960938,-1727.047607421875,113.5201416015625,248.228515625,28178.93624329567,unknown_area,79.82249897398006,-81.56528040273814,20250910_205534_3687560-uhd_2160_3840_30fps.mp4
2025-09-14 18:40:26.004963,18,17,person,0.2848885655403137,1082.80810546875,-524.1304931640625,1174.8704833984375,-382.7232666015625,1128.8392944335938,-453.4268798828125,92.0623779296875,141.4072265625,13018.28553378582,unknown_area,11.536769517989592,-70.92918483939383,20250910_205534_3687560-uhd_2160_3840_30fps.mp4
2025-09-14 18:40:26.004963,18,20,person,0.36613449454307556,712.5620727539062,-444.128662109375,778.3130493164062,-284.7686767578125,745.4375610351562,-364.44866943359375,65.7509765625,159.3599853515625,10478.07466185093,unknown_area,,,20250910_205534_3687560-uhd_2160_3840_30fps.mp4
2025-09-14 18:40:26.146604,21,1,person,0.6163156032562256,1373.6544189453125,-2704.369873046875,1497.2369384765625,-2471.453369140625,1435.4456787109375,-2587.91162109375,123.58251953125,232.91650390625,28784.408393144608,unknown_area,25.45799457513881,-102.15747962062343,20250910_205534_3687560-uhd_2160_3840_30fps.mp4
2025-09-14 18:40:26.146604,21,2,person,0.11440323293209076,457.1688537597656,105.24822998046875,539.8432006835938,274.15771484375,498.5060272216797,189.70297241210938,82.67434692382812,168.90948486328125,13964.48135031201,entrance,17.501605875002287,-55.515162522666856,20250910_205534_3687560-uhd_2160_3840_30fps.mp4
2025-09-14 18:40:26.146604,21,3,person,0.2715585231781006,1294.91064453125,-876.3876953125,1381.38720703125,-683.7137451171875,1338.14892578125,-780.0507202148438,86.4765625,192.6739501953125,16661.78089618683,unknown_area,159.9283506236697,-133.68545968224382,20250910_205534_3687560-uhd_2160_3840_30fps.mp4
2025-09-14 18:40:26.146604,21,4,umbrella,0.37107303738594055,1008.2219848632812,177.4892578125,1249.1195068359375,368.46905517578125,1128.6707458496094,272.9791564941406,240.89752197265625,190.97979736328125,46006.55993165448,entrance,116.9336565020836,87.81034906207636,20250910_205534_3687560-uhd_2160_3840_30fps.mp4
2025-09-14 18:40:26.146604,21,5,person,0.42597636580467224,1789.795166015625,-2628.657470703125,1905.0294189453125,-2418.760498046875,1847.4122924804688,-2523.708984375,115.2342529296875,209.89697265625,24187.320836246014,unknown_area,43.12761127623812,-93.85051799631889,20250910_205534_3687560-uhd_2160_3840_30fps.mp4
2025-09-14 18:40:26.146604,21,6,person,0.345724880695343,1630.9613037109375,-2577.38134765625,1778.7022705078125,-2368.613037109375,1704.831787109375,-2472.9971923828125,147.740966796875,208.768310546875,30843.63203674555,unknown_area,43.268569505694316,-49.69089686417093,20250910_205534_3687560-uhd_2160_3840_30fps.mp4
2025-09-14 18:40:26.146604,21,7,person,0.2511570155620575,334.7940979003906,-958.859130859375,433.07952880859375,-772.036865234375,383.9368133544922,-865.447998046875,98.28543090820312,186.822265625,18361.90688019991,unknown_area,34.56654245849612,-69.67660889492437,20250910_205534_3687560-uhd_2160_3840_30fps.mp4
2025-09-14 18:40:26.146604,21,8,person,0.3482056260108948,1240.0263671875,-1855.32763671875,1346.041259765625,-1612.18701171875,1293.0338134765625,-1733.75732421875,106.014892578125,243.140625,25776.527240753174,unknown_area,94.84828024555289,-29.963141882498537,20250910_205534_3687560-uhd_2160_3840_30fps.mp4
2025-09-14 18:40:26.146604,21,17,person,0.25209540128707886,1083.8863525390625,-528.2564697265625,1175.2801513671875,-381.1458740234375,1129.583251953125,-454.701171875,91.393798828125,147.110595703125,13444.996189177036,unknown_area,10.417642293527559,-59.72275027884045,20250910_205534_3687560-uhd_2160_3840_30fps.mp4
2025-09-14 18:40:26.146604,21,20,person,0.29720890522003174,712.9209594726562,-449.195068359375,779.3214111328125,-290.088134765625,746.1211853027344,-369.6416015625,66.40045166015625,159.10693359375,10564.772252887487,unknown_area,36.97895911042924,-82.5004144804574,20250910_205534_3687560-uhd_2160_3840_30fps.mp4
2025-09-14 18:40:26.286426,24,1,person,0.6198703646659851,1374.2911376953125,-2708.5126953125,1497.551513671875,-2472.281494140625,1435.9213256835938,-2590.3970947265625,123.2603759765625,236.231201171875,29117.946673840284,unknown_area,18.098559994716123,-79.16624982614717,20250910_205534_3687560-uhd_2160_3840_30fps.mp4
2025-09-14 18:40:26.286426,24,2,person,0.11038702726364136,458.9404602050781,95.001220703125,538.3543090820312,269.07659912109375,498.6473846435547,182.03890991210938,79.41384887695312,174.07537841796875,13823.995794882998,entrance,54.82231695080851,-88.94334558880239,20250910_205534_3687560-uhd_2160_3840_30fps.mp4
2025-09-14 18:40:26.286426,24,3,person,0.1102369874715805,1282.51220703125,-885.8851318359375,1366.2271728515625,-693.7847900390625,1324.3696899414062,-789.8349609375,83.7149658203125,192.100341796875,16081.67354759574,unknown_area,120.86557108181313,-144.62252995392336,20250910_205534_3687560-uhd_2160_3840_30fps.mp4
2025-09-14 18:40:26.286426,24,4,umbrella,0.11697071045637131,1007.1707153320312,178.29840087890625,1251.0262451171875,355.8907470703125,1129.0984802246094,267.0945739746094,243.85552978515625,177.59234619140625,43306.87566629425,entrance,42.19727558766618,-85.84263631850631,20250910_205534_3687560-uhd_2160_3840_30fps.mp4
2025-09-14 18:40:26.286426,24,5,person,0.3290320634841919,1792.3306884765625,-2631.812744140625,1904.4007568359375,-2420.73681640625,1848.36572265625,-2526.2747802734375,112.070068359375,211.075927734375,23655.293650209904,unknown_area,19.57641494537022,-69.61531809598968,20250910_205534_3687560-uhd_2160_3840_30fps.mp4
2025-09-14 18:40:26.286426,24,6,person,0.3291720449924469,1631.5692138671875,-2578.33642578125,1780.6551513671875,-2367.208740234375,1706.1121826171875,-2472.7725830078125,149.0859375,211.127685546875,31476.16893196106,unknown_area,9.297155903022245,9.949696973693342,20250910_205534_3687560-uhd_2160_3840_30fps.mp4
2025-09-14 18:40:26.286426,24,7,person,0.21151037514209747,335.9788818359375,-963.957275390625,432.159423828125,-780.813720703125,384.06915283203125,-872.385498046875,96.1805419921875,183.1435546875,17614.84635221958,unknown_area,49.62568219971142,-88.90716050597952,20250910_205534_3687560-uhd_2160_3840_30fps.mp4
2025-09-14 18:40:26.286426,24,8,person,0.1440621167421341,1259.9541015625,-1854.912841796875,1354.9925537109375,-1625.7783203125,1307.4733276367188,-1740.3455810546875,95.0384521484375,229.134521484375,21776.590255647898,unknown_area,113.51222146862482,-24.525593347535576,20250910_205534_3687560-uhd_2160_3840_30fps.mp4
2025-09-14 18:40:26.286426,24,17,person,0.34205737709999084,1085.910888671875,-532.92236328125,1175.9078369140625,-382.4111328125,1130.9093627929688,-457.666748046875,89.9969482421875,150.51123046875,13545.551418364048,unknown_area,23.233616750110222,-65.90733331466201,20250910_205534_3687560-uhd_2160_3840_30fps.mp4
2025-09-14 18:40:26.286426,24,20,person,0.3124012053012848,715.32958984375,-451.7735595703125,778.1786499023438,-291.2305908203125,746.7541198730469,-371.5020751953125,62.84906005859375,160.54296875,10089.97468495369,unknown_area,14.054935045764696,-71.21165590278942,20250910_205534_3687560-uhd_2160_3840_30fps.mp4
2025-09-14 18:40:26.286426,24,28,umbrella,0.34935644268989563,1421.9027099609375,523.9666748046875,1727.364501953125,629.8417663574219,1574.6336059570312,576.9042205810547,305.4617919921875,105.87509155273438,32340.795193035156,entrance,,,20250910_205534_3687560-uhd_2160_3840_30fps.mp4
2025-09-14 18:40:26.427903,27,1,person,0.647964596748352,1374.1646728515625,-2710.212646484375,1498.768310546875,-2474.822998046875,1436.4664916992188,-2592.517822265625,124.6036376953125,235.3896484375,29330.406471133232,unknown_area,15.477274402916573,-75.5833809886271,20250910_205534_3687560-uhd_2160_3840_30fps.mp4
2025-09-14 18:40:26.427903,27,2,person,0.1538412868976593,459.0688781738281,90.57696533203125,549.7833251953125,266.78271484375,504.4261016845703,178.67984008789062,90.71444702148438,176.20574951171875,15984.407128961757,entrance,47.244991389061695,-30.168707733693417,20250910_205534_3687560-uhd_2160_3840_30fps.mp4
2025-09-14 18:40:26.427903,27,3,person,0.15359395742416382,1268.811279296875,-883.6868896484375,1356.6927490234375,-703.4674072265625,1312.7520141601562,-793.5771484375,87.8814697265625,180.219482421875,15837.95298859477,unknown_area,86.27201048142219,-162.14565095822954,20250910_205534_3687560-uhd_2160_3840_30fps.mp4
2025-09-14 18:40:26.427903,27,4,umbrella,0.20131121575832367,1009.837646484375,175.91973876953125,1250.7271728515625,349.63629150390625,1130.2824096679688,262.77801513671875,240.8895263671875,173.716552734375,41846.498110324144,entrance,31.63748800790849,-74.66230975806609,20250910_205534_3687560-uhd_2160_3840_30fps.mp4
2025-09-14 18:40:26.427903,27,5,person,0.4515623152256012,1795.47119140625,-2632.29248046875,1905.6097412109375,-2424.7705078125,1850.5404663085938,-2528.531494140625,110.1385498046875,207.52197265625,22856.169120967388,unknown_area,22.15236176617425,-46.0596991624886,20250910_205534_3687560-uhd_2160_3840_30fps.mp4
2025-09-14 18:40:26.427903,27,6,person,0.19280190765857697,1630.854736328125,-2576.740966796875,1781.3377685546875,-2369.326904296875,1706.0962524414062,-2473.033935546875,150.4830322265625,207.4140625,31212.29705142975,unknown_area,1.8507431142847475,-93.48802431408566,20250910_205534_3687560-uhd_2160_3840_30fps.mp4
2025-09-14 18:40:26.427903,27,7,person,0.2104874849319458,335.1901550292969,-969.491943359375,430.63751220703125,-784.27490234375,382.91383361816406,-876.8834228515625,95.44735717773438,185.217041015625,17678.477069221437,unknown_area,32.824631926668125,-104.40535859433754,20250910_205534_3687560-uhd_2160_3840_30fps.mp4
2025-09-14 18:40:26.427903,27,8,person,0.23260343074798584,1276.9808349609375,-1858.733154296875,1363.7724609375,-1652.314453125,1320.3766479492188,-1755.5238037109375,86.7916259765625,206.418701171875,17915.4147066772,unknown_area,140.81228523883132,-49.631450900121116,20250910_205534_3687560-uhd_2160_3840_30fps.mp4
2025-09-14 18:40:26.427903,27,17,person,0.36852753162384033,1088.7564697265625,-538.1142578125,1176.11474609375,-385.3892822265625,1132.4356079101562,-461.75177001953125,87.3582763671875,152.7249755859375,13341.790625408292,unknown_area,30.82358897685098,-69.51331600635835,20250910_205534_3687560-uhd_2160_3840_30fps.mp4
2025-09-14 18:40:26.427903,27,20,person,0.35645365715026855,717.5436401367188,-450.9273681640625,778.3812255859375,-291.4696044921875,747.9624328613281,-371.198486328125,60.83758544921875,159.457763671875,9701.025322929025,unknown_area,8.806150547524476,14.10364062526083,20250910_205534_3687560-uhd_2160_3840_30fps.mp4
2025-09-14 18:40:26.427903,27,28,umbrella,0.3635028302669525,1426.5537109375,524.1134643554688,1724.8907470703125,629.333251953125,1575.7222290039062,576.7233581542969,298.3370361328125,105.21978759765625,31390.95957440883,entrance,7.800171789099997,-9.432887462310415,20250910_205534_3687560-uhd_2160_3840_30fps.mp4
2025-09-14 18:40:26.574748,30,1,person,0.5371724367141724,1374.7186279296875,-2713.59375,1500.0213623046875,-2482.2177734375,1437.3699951171875,-2597.90576171875,125.302734375,231.3759765625,28992.042531967163,unknown_area,37.203639840941264,-80.48064080252624,20250910_205534_3687560-uhd_2160_3840_30fps.mp4
2025-09-14 18:40:26.574748,30,2,person,0.13828881084918976,456.9034423828125,89.565185546875,547.1710205078125,264.50982666015625,502.0372314453125,177.03750610351562,90.267578125,174.94464111328125,15791.829059243202,entrance,19.741623940889852,-145.49170999372987,20250910_205534_3687560-uhd_2160_3840_30fps.mp4
2025-09-14 18:40:26.574748,30,3,person,0.18993261456489563,1254.732421875,-881.0145263671875,1338.1483154296875,-714.049072265625,1296.4403686523438,-797.5317993164062,83.4158935546875,166.9654541015625,13927.572546645999,unknown_area,114.2986840673341,-166.37196815062953,20250910_205534_3687560-uhd_2160_3840_30fps.mp4
2025-09-14 18:40:26.574748,30,4,umbrella,0.14246197044849396,1010.186279296875,173.8304443359375,1253.092041015625,346.97613525390625,1131.63916015625,260.4032897949219,242.90576171875,173.14569091796875,42058.08594074845,entrance,18.624915706721172,-60.25940079807567,20250910_205534_3687560-uhd_2160_3840_30fps.mp4
2025-09-14 18:40:26.574748,30,5,person,0.3454115390777588,1796.482421875,-2633.195068359375,1906.4700927734375,-2428.125244140625,1851.4762573242188,-2530.66015625,109.9876708984375,205.06982421875,22555.152337372303,unknown_area,15.834898878143546,-66.26900663081308,20250910_205534_3687560-uhd_2160_3840_30fps.mp4
2025-09-14 18:40:26.574748,30,6,person,0.10083282738924026,1632.61767578125,-2573.897216796875,1778.9349365234375,-2375.517822265625,1705.7763061523438,-2474.70751953125,146.3172607421875,198.37939453125,29026.32959550619,unknown_area,11.603338916019421,-100.82289264473737,20250910_205534_3687560-uhd_2160_3840_30fps.mp4
2025-09-14 18:40:26.574748,30,7,person,0.18120691180229187,333.5494689941406,-974.45751953125,430.4867858886719,-788.990234375,382.01812744140625,-881.723876953125,96.93731689453125,185.46728515625,17978.700994759798,unknown_area,33.52262544673641,-100.48376086901273,20250910_205534_3687560-uhd_2160_3840_30fps.mp4
2025-09-14 18:40:26.574748,30,8,person,0.18984350562095642,1286.6512451171875,-1879.444580078125,1371.375244140625,-1674.788330078125,1329.0132446289062,-1777.116455078125,84.7239990234375,204.65625,17339.29592514038,unknown_area,158.3698796356715,-68.19965161175716,20250910_205534_3687560-uhd_2160_3840_30fps.mp4
2025-09-14 18:40:26.574748,30,17,person,0.40353670716285706,1091.830322265625,-547.4002685546875,1177.133056640625,-392.0672607421875,1134.481689453125,-469.7337646484375,85.302734375,155.3330078125,13250.330305099487,unknown_area,56.11403871627718,-75.6225371899739,20250910_205534_3687560-uhd_2160_3840_30fps.mp4
2025-09-14 18:40:26.574748,30,20,person,0.288605272769928,717.3821411132812,-452.9755859375,780.0966186523438,-291.4241943359375,748.7393798828125,-372.19989013671875,62.7144775390625,161.5513916015625,10131.611120000482,unknown_area,8.63128166714373,-52.19362039515494,20250910_205534_3687560-uhd_2160_3840_30fps.mp4
2025-09-14 18:40:26.574748,30,28,umbrella,0.29025572538375854,1430.221435546875,524.4430541992188,1724.9532470703125,628.9809875488281,1577.5873413085938,576.7120208740234,294.7318115234375,104.53793334960938,30810.65446904674,entrance,12.701465911616593,-0.3482741006279987,20250910_205534_3687560-uhd_2160_3840_30fps.mp4
2025-09-14 18:40:26.574748,30,37,person,0.4075661897659302,640.010009765625,-2051.59033203125,747.5802001953125,-1793.378662109375,693.7951049804688,-1922.4844970703125,107.5701904296875,258.211669921875,27775.878504663706,unknown_area,,,20250910_205534_3687560-uhd_2160_3840_30fps.mp4
2025-09-14 18:40:26.748759,33,1,person,0.546726644039154,1374.3309326171875,-2713.7861328125,1499.9117431640625,-2484.26416015625,1437.121337890625,-2599.025146484375,125.580810546875,229.52197265625,28823.555364489555,unknown_area,6.589642340506954,-102.52417662449355,20250910_205534_3687560-uhd_2160_3840_30fps.mp4
2025-09-14 18:40:26.748759,33,2,person,0.27348148822784424,456.0309143066406,86.07843017578125,535.740966796875,262.84259033203125,495.8859405517578,174.46051025390625,79.71005249023438,176.76416015625,14089.880484446883,entrance,38.32676880381602,-157.26944607485618,20250910_205534_3687560-uhd_2160_3840_30fps.mp4
2025-09-14 18:40:26.748759,33,3,person,0.2683870494365692,1237.1156005859375,-894.87939453125,1323.832763671875,-719.4598388671875,1280.4741821289062,-807.1696166992188,86.7171630859375,175.4195556640625,15211.8862169832,unknown_area,107.17468830700695,-148.88316934772078,20250910_205534_3687560-uhd_2160_3840_30fps.mp4
2025-09-14 18:40:26.748759,33,5,person,0.2255679816007614,1796.05029296875,-2636.16552734375,1904.0390625,-2431.47265625,1850.044677734375,-2533.819091796875,107.98876953125,204.69287109375,22104.531281232834,unknown_area,19.930826700849106,-114.37928132815163,20250910_205534_3687560-uhd_2160_3840_30fps.mp4
2025-09-14 18:40:26.748759,33,6,person,0.12263011187314987,1631.2584228515625,-2571.358154296875,1775.4495849609375,-2375.922119140625,1703.35400390625,-2473.64013671875,144.191162109375,195.43603515625,28180.149027228355,unknown_area,15.211948231474407,156.21940390709983,20250910_205534_3687560-uhd_2160_3840_30fps.mp4
2025-09-14 18:40:26.748759,33,8,person,0.1380184292793274,1289.6312255859375,-1912.959716796875,1384.87890625,-1688.25390625,1337.2550659179688,-1800.6068115234375,95.2476806640625,224.705810546875,21402.707286328077,unknown_area,143.06144833874941,-70.66607980337263,20250910_205534_3687560-uhd_2160_3840_30fps.mp4
2025-09-14 18:40:26.748759,33,17,person,0.268209308385849,1090.4022216796875,-559.3397216796875,1176.63232421875,-393.8118896484375,1133.5172729492188,-476.5758056640625,86.2301025390625,165.52783203125,14273.481929123402,unknown_area,39.70827215932553,-98.02324115145203,20250910_205534_3687560-uhd_2160_3840_30fps.mp4
2025-09-14 18:40:26.748759,33,20,person,0.2581598162651062,717.4005126953125,-459.9539794921875,780.237060546875,-292.6038818359375,748.8187866210938,-376.2789306640625,62.8365478515625,167.35009765625,10515.70241934061,unknown_area,23.445721018596597,-88.88476313311637,20250910_205534_3687560-uhd_2160_3840_30fps.mp4
2025-09-14 18:40:26.748759,33,28,umbrella,0.2797117233276367,1430.4111328125,521.7783813476562,1728.9918212890625,628.0277709960938,1579.7014770507812,574.903076171875,298.5806884765625,106.2493896484375,31724.01591144502,entrance,15.989898166406583,-40.551706954064834,20250910_205534_3687560-uhd_2160_3840_30fps.mp4
2025-09-14 18:40:26.748759,33,37,person,0.363540917634964,640.4963989257812,-2069.32763671875,748.8126220703125,-1809.733154296875,694.6545104980469,-1939.5303955078125,108.31622314453125,259.594482421875,28118.293885096908,unknown_area,98.08316183321793,-87.11375427824551,20250910_205534_3687560-uhd_2160_3840_30fps.mp4
2025-09-14 18:40:26.891696,36,1,person,0.5472861528396606,1373.8619384765625,-2713.45166015625,1499.1754150390625,-2484.480224609375,1436.5186767578125,-2598.9659423828125,125.3134765625,228.971435546875,28693.2066218853,unknown_area,4.2365670929661405,174.38939137273505,20250910_205534_3687560-uhd_2160_3840_30fps.mp4
2025-09-14 18:40:26.891696,36,2,person,0.359811931848526,451.9984436035156,83.35028076171875,525.2271728515625,262.90936279296875,488.61280822753906,173.12982177734375,73.22872924804688,179.55908203125,13148.883402094245,entrance,51.7281134176663,-169.63186747013563,20250910_205534_3687560-uhd_2160_3840_30fps.mp4
2025-09-14 18:40:26.891696,36,3,person,0.18955212831497192,1206.81396484375,-912.0467529296875,1311.292724609375,-725.2852783203125,1259.0533447265625,-818.666015625,104.478759765625,186.761474609375,19512.607239186764,unknown_area,170.08116768321958,-151.77788628732225,20250910_205534_3687560-uhd_2160_3840_30fps.mp4
2025-09-14 18:40:26.891696,36,5,person,0.21130655705928802,1792.759765625,-2635.918701171875,1905.854736328125,-2431.779052734375,1849.3072509765625,-2533.848876953125,113.094970703125,204.1396484375,23087.1675593853,unknown_area,5.1633099463210295,-177.68704267655804,20250910_205534_3687560-uhd_2160_3840_30fps.mp4
2025-09-14 18:40:26.891696,36,6,person,0.10528676211833954,1627.686279296875,-2574.44580078125,1774.3179931640625,-2375.64208984375,1701.0021362304688,-2475.0439453125,146.6317138671875,198.8037109375,29150.928857922554,unknown_area,19.16208283159723,-149.16740396695513,20250910_205534_3687560-uhd_2160_3840_30fps.mp4
2025-09-14 18:40:26.891696,36,8,person,0.23946644365787506,1292.984375,-1940.119873046875,1400.4659423828125,-1698.728759765625,1346.7251586914062,-1819.42431640625,107.4815673828125,241.39111328125,25945.095207750797,unknown_area,147.38041037202936,-63.28572786792419,20250910_205534_3687560-uhd_2160_3840_30fps.mp4
2025-09-14 18:40:26.891696,36,17,person,0.2529335916042328,1088.7220458984375,-563.9443359375,1176.630615234375,-394.978515625,1132.6763305664062,-479.46142578125,87.9085693359375,168.9658203125,14853.543530344963,unknown_area,21.027860205044036,-106.24745284916656,20250910_205534_3687560-uhd_2160_3840_30fps.mp4
2025-09-14 18:40:26.891696,36,20,person,0.27036550641059875,716.0277099609375,-466.7750244140625,778.95654296875,-292.257568359375,747.4921264648438,-379.51629638671875,62.9288330078125,174.5174560546875,10982.179849013686,unknown_area,24.476879598908003,-112.2836317460155,20250910_205534_3687560-uhd_2160_3840_30fps.mp4
2025-09-14 18:40:26.891696,36,28,umbrella,0.2509430944919586,1429.824462890625,519.9666137695312,1731.2059326171875,627.7795715332031,1580.5151977539062,573.8730926513672,301.3814697265625,107.81295776367188,32492.827666383237,entrance,9.183302979808559,-51.69010942448784,20250910_205534_3687560-uhd_2160_3840_30fps.mp4
2025-09-14 18:40:26.891696,36,37,person,0.292815238237381,641.0494384765625,-2074.673583984375,746.5611572265625,-1815.28076171875,693.8052978515625,-1944.9771728515625,105.51171875,259.392822265625,27368.982508659363,unknown_area,38.56650595480999,-98.86169928044285,20250910_205534_3687560-uhd_2160_3840_30fps.mp4
2025-09-14 18:40:27.027442,39,1,person,0.5333869457244873,1375.2421875,-2713.237548828125,1500.17626953125,-2485.00048828125,1437.709228515625,-2599.1190185546875,124.93408203125,228.237060546875,28514.587644934654,unknown_area,8.842635259555163,-7.326654337877397,20250910_205534_3687560-uhd_2160_3840_30fps.mp4
2025-09-14 18:40:27.027442,39,2,person,0.3449750542640686,445.6767272949219,82.1932373046875,519.5275268554688,265.36572265625,482.6021270751953,173.77947998046875,73.85079956054688,183.1724853515625,13527.43450070545,entrance,44.53676738197109,173.83119268023663,20250910_205534_3687560-uhd_2160_3840_30fps.mp4
2025-09-14 18:40:27.027442,39,3,person,0.1487051546573639,1194.39306640625,-916.499755859375,1299.8558349609375,-730.7156982421875,1247.1244506835938,-823.6077270507812,105.4627685546875,185.7840576171875,19593.301069632173,unknown_area,95.11861973051197,-157.49753312926882,20250910_205534_3687560-uhd_2160_3840_30fps.mp4
2025-09-14 18:40:27.027442,39,5,person,0.14649872481822968,1795.4820556640625,-2635.685791015625,1906.8590087890625,-2435.1279296875,1851.1705322265625,-2535.4068603515625,111.376953125,200.557861328125,22337.52351999283,unknown_area,17.892330677357638,-39.90069588413893,20250910_205534_3687560-uhd_2160_3840_30fps.mp4
2025-09-14 18:40:27.027442,39,8,person,0.28905585408210754,1300.5986328125,-1948.150146484375,1407.6829833984375,-1708.798583984375,1354.1408081054688,-1828.474365234375,107.0843505859375,239.3515625,25630.80663204193,unknown_area,86.19203461240245,-50.66865993538807,20250910_205534_3687560-uhd_2160_3840_30fps.mp4
2025-09-14 18:40:27.027442,39,17,person,0.33304542303085327,1090.66064453125,-558.7061767578125,1178.5380859375,-392.459716796875,1134.599365234375,-475.58294677734375,87.87744140625,166.2464599609375,14609.313544213772,unknown_area,31.890800411792927,63.62678060561241,20250910_205534_3687560-uhd_2160_3840_30fps.mp4
2025-09-14 18:40:27.027442,39,20,person,0.24566344916820526,717.4994506835938,-461.40478515625,780.9992065429688,-292.3095703125,749.2493286132812,-376.857177734375,63.499755859375,169.09521484375,10737.504859566689,unknown_area,23.47963898372022,56.54242399094209,20250910_205534_3687560-uhd_2160_3840_30fps.mp4
2025-09-14 18:40:27.027442,39,28,umbrella,0.3274860084056854,1430.8203125,520.4458618164062,1731.3082275390625,628.6461181640625,1581.0642700195312,574.5459899902344,300.4879150390625,108.20025634765625,32512.869436599314,entrance,6.39788922464411,50.78616633627978,20250910_205534_3687560-uhd_2160_3840_30fps.mp4
2025-09-14 18:40:27.027442,39,37,person,0.22637338936328888,642.54443359375,-2074.201416015625,754.9303588867188,-1848.55517578125,698.7373962402344,-1961.3782958984375,112.38592529296875,225.646240234375,25359.461497619748,unknown_area,126.16694790186587,-73.26306815994022,20250910_205534_3687560-uhd_2160_3840_30fps.mp4
2025-09-14 18:40:27.164212,42,1,person,0.5385086536407471,1374.795166015625,-2713.08984375,1500.4061279296875,-2486.49755859375,1437.6006469726562,-2599.793701171875,125.6109619140625,226.59228515625,28462.47490078211,unknown_area,4.996447813770395,-99.14262747702442,20250910_205534_3687560-uhd_2160_3840_30fps.mp4
2025-09-14 18:40:27.164212,42,2,person,0.2668962776660919,443.6846618652344,83.98870849609375,512.5353393554688,267.34222412109375,478.11000061035156,175.66546630859375,68.85067749023438,183.353515625,12624.013770997524,entrance,35.62166726322121,157.22525779589142,20250910_205534_3687560-uhd_2160_3840_30fps.mp4
2025-09-14 18:40:27.164212,42,3,person,0.14619146287441254,1187.544189453125,-910.0155029296875,1284.419677734375,-740.339599609375,1235.98193359375,-825.1775512695312,96.87548828125,169.6759033203125,16437.43598371744,unknown_area,82.27357482159435,-171.98060970128094,20250910_205534_3687560-uhd_2160_3840_30fps.mp4
2025-09-14 18:40:27.164212,42,5,person,0.1321360021829605,1797.3372802734375,-2632.97119140625,1907.895263671875,-2438.967529296875,1852.6162719726562,-2535.9693603515625,110.5579833984375,194.003662109375,21448.65365472436,unknown_area,11.342489136373404,-21.259726467417575,20250910_205534_3687560-uhd_2160_3840_30fps.mp4
2025-09-14 18:40:27.164212,42,8,person,0.1396445631980896,1315.8255615234375,-1946.707763671875,1412.420166015625,-1717.64794921875,1364.1228637695312,-1832.1778564453125,96.5946044921875,229.059814453125,22125.942182153463,unknown_area,77.8455633690447,-20.355603341714364,20250910_205534_3687560-uhd_2160_3840_30fps.mp4
2025-09-14 18:40:27.164212,42,17,person,0.3437791168689728,1095.3497314453125,-553.455078125,1179.34423828125,-391.82373046875,1137.3469848632812,-472.639404296875,83.9945068359375,161.63134765625,13576.145335614681,unknown_area,29.440983125013354,46.97167482436252,20250910_205534_3687560-uhd_2160_3840_30fps.mp4
2025-09-14 18:40:27.164212,42,20,person,0.273816853761673,718.6268310546875,-458.913330078125,783.1262817382812,-293.042236328125,750.8765563964844,-375.977783203125,64.49945068359375,165.87109375,10698.59443116188,unknown_area,13.523798836668753,28.3878948909155,20250910_205534_3687560-uhd_2160_3840_30fps.mp4
2025-09-14 18:40:27.164212,42,28,umbrella,0.23136822879314423,1431.40283203125,518.9180297851562,1732.905517578125,627.6139221191406,1582.1541748046875,573.2659759521484,301.502685546875,108.69589233398438,32772.10344661027,entrance,12.29194087662455,-49.58631058884791,20250910_205534_3687560-uhd_2160_3840_30fps.mp4
2025-09-14 18:40:27.164212,42,37,person,0.21177445352077484,650.0436401367188,-2081.81103515625,764.3797607421875,-1877.640869140625,707.2117004394531,-1979.7259521484375,114.33612060546875,204.170166015625,23344.024725601077,unknown_area,147.76744842771734,-65.20901564987916,20250910_205534_3687560-uhd_2160_3840_30fps.mp4
2025-09-14 18:40:27.311796,45,1,person,0.582268238067627,1374.9764404296875,-2712.825927734375,1500.0677490234375,-2485.96435546875,1437.5220947265625,-2599.3951416015625,125.09130859375,226.861572265625,28378.410944342613,unknown_area,2.7525122457660487,101.1495445541616,20250910_205534_3687560-uhd_2160_3840_30fps.mp4
2025-09-14 18:40:27.311796,45,2,person,0.3808000683784485,442.845703125,82.53326416015625,506.3120422363281,267.89385986328125,474.57887268066406,175.21356201171875,63.466339111328125,185.360595703125,11764.158424772322,entrance,24.121363015869903,-172.70708209067834,20250910_205534_3687560-uhd_2160_3840_30fps.mp4
2025-09-14 18:40:27.311796,45,3,person,0.11382520198822021,1176.818359375,-911.422119140625,1261.86767578125,-742.0653076171875,1219.343017578125,-826.7437133789062,85.04931640625,169.3568115234375,14403.681048810482,unknown_area,113.240338481665,-174.62279458525188,20250910_205534_3687560-uhd_2160_3840_30fps.mp4
2025-09-14 18:40:27.311796,45,5,person,0.1147538349032402,1796.4962158203125,-2633.522216796875,1910.763427734375,-2442.121337890625,1853.6298217773438,-2537.82177734375,114.2672119140625,191.40087890625,21870.844790518284,unknown_area,14.307587272993647,-61.31472963017011,20250910_205534_3687560-uhd_2160_3840_30fps.mp4
2025-09-14 18:40:27.311796,45,8,person,0.1210683211684227,1330.065673828125,-1954.480224609375,1424.260009765625,-1728.8798828125,1377.162841796875,-1841.6800537109375,94.1943359375,225.600341796875,21250.274382829666,unknown_area,109.3264260436966,-36.080723813745635,20250910_205534_3687560-uhd_2160_3840_30fps.mp4
2025-09-14 18:40:27.311796,45,17,person,0.35037586092948914,1097.7156982421875,-549.634765625,1179.799072265625,-390.7177734375,1138.7573852539062,-470.17626953125,82.0833740234375,158.9169921875,13044.442908406258,unknown_area,19.23213582548473,60.20438257033123,20250910_205534_3687560-uhd_2160_3840_30fps.mp4
2025-09-14 18:40:27.311796,45,20,person,0.23340356349945068,719.4035034179688,-454.508056640625,782.94140625,-292.6884765625,751.1724548339844,-373.5982666015625,63.53790283203125,161.819580078125,10281.676755324006,unknown_area,16.247315784931175,82.911524321854,20250910_205534_3687560-uhd_2160_3840_30fps.mp4
2025-09-14 18:40:27.311796,45,28,umbrella,0.2852223515510559,1433.695068359375,520.7785034179688,1733.2210693359375,627.1514892578125,1583.4580688476562,573.9649963378906,299.5260009765625,106.37298583984375,31861.475060544908,entrance,10.024453484183315,28.195854256732314,20250910_205534_3687560-uhd_2160_3840_30fps.mp4
2025-09-14 18:40:27.311796,45,37,person,0.3469555377960205,656.7747802734375,-2115.755126953125,773.2262573242188,-1895.6650390625,715.0005187988281,-2005.7100830078125,116.45147705078125,220.090087890625,25629.815819099545,unknown_area,183.80301875229978,-73.31374588923173,20250910_205534_3687560-uhd_2160_3840_30fps.mp4
2025-09-14 18:40:27.467379,48,1,person,0.5378500819206238,1375.979248046875,-2712.8583984375,1499.05810546875,-2482.522705078125,1437.5186767578125,-2597.6905517578125,123.078857421875,230.335693359375,28349.453962147236,unknown_area,10.95616661542088,90.11488682872285,20250910_205534_3687560-uhd_2160_3840_30fps.mp4
2025-09-14 18:40:27.467379,48,2,person,0.3245466649532318,438.9537048339844,83.5758056640625,503.3449401855469,267.54034423828125,471.1493225097656,175.55807495117188,64.3912353515625,183.96453857421875,11845.703899674118,entrance,22.154159728619288,174.2636382907741,20250910_205534_3687560-uhd_2160_3840_30fps.mp4
2025-09-14 18:40:27.467379,48,3,person,0.26539546251296997,1163.43115234375,-922.2099609375,1245.3470458984375,-747.5869140625,1204.3890991210938,-834.8984375,81.9158935546875,174.623046875,14304.402920007706,unknown_area,109.47780874801767,-151.39532448121693,20250910_205534_3687560-uhd_2160_3840_30fps.mp4
2025-09-14 18:40:27.467379,48,5,person,0.14191195368766785,1798.3951416015625,-2636.803955078125,1915.1636962890625,-2441.887451171875,1856.7794189453125,-2539.345703125,116.7685546875,194.91650390625,22760.11844587326,unknown_area,22.488970885231392,-25.81991815700657,20250910_205534_3687560-uhd_2160_3840_30fps.mp4
2025-09-14 18:40:27.467379,48,17,person,0.3977383077144623,1098.0775146484375,-548.83544921875,1180.565185546875,-392.163330078125,1139.3213500976562,-470.4993896484375,82.4876708984375,156.672119140625,12923.518202632666,unknown_area,4.177651178545632,-29.810281315038765,20250910_205534_3687560-uhd_2160_3840_30fps.mp4
2025-09-14 18:40:27.467379,48,20,person,0.1930350363254547,720.1405639648438,-455.951416015625,783.8948364257812,-292.5980224609375,752.0177001953125,-374.27471923828125,63.7542724609375,163.3533935546875,10414.476760104299,unknown_area,6.958359008098662,-38.67040228141192,20250910_205534_3687560-uhd_2160_3840_30fps.mp4
2025-09-14 18:40:27.467379,48,28,umbrella,0.2996886968612671,1435.6658935546875,521.2072143554688,1733.235107421875,626.9867553710938,1584.4505004882812,574.0969848632812,297.5692138671875,105.779541015625,31476.734863251448,entrance,6.434958070797055,7.575600558093791,20250910_205534_3687560-uhd_2160_3840_30fps.mp4
2025-09-14 18:40:27.467379,48,37,person,0.32201722264289856,665.4391479492188,-2153.073486328125,783.9476318359375,-1907.6533203125,724.6933898925781,-2030.3634033203125,118.50848388671875,245.420166015625,29084.371789738536,unknown_area,170.2649837327035,-68.53688726031204,20250910_205534_3687560-uhd_2160_3840_30fps.mp4
2025-09-14 18:40:27.613931,51,1,person,0.47607067227363586,1375.4603271484375,-2712.271728515625,1499.4765625,-2484.48046875,1437.4684448242188,-2598.3760986328125,124.0162353515625,227.791259765625,28249.81448212266,unknown_area,4.690381083164096,-94.19073256602607,20250910_205534_3687560-uhd_2160_3840_30fps.mp4
2025-09-14 18:40:27.613931,51,2,person,0.3116338849067688,434.42791748046875,80.6934814453125,504.1609802246094,266.89056396484375,469.29444885253906,173.79202270507812,69.73306274414062,186.19708251953125,12984.092838110402,entrance,17.47605944468661,-136.40518523509803,20250910_205534_3687560-uhd_2160_3840_30fps.mp4
2025-09-14 18:40:27.613931,51,3,person,0.2132459580898285,1141.2373046875,-937.4986572265625,1233.343017578125,-759.6451416015625,1187.2901611328125,-848.5718994140625,92.105712890625,177.853515625,16381.324846744537,unknown_area,149.3925141990204,-141.35181629453575,20250910_205534_3687560-uhd_2160_3840_30fps.mp4
2025-09-14 18:40:27.613931,51,5,person,0.2279062122106552,1799.8065185546875,-2638.566162109375,1917.158447265625,-2439.86376953125,1858.4824829101562,-2539.2149658203125,117.3519287109375,198.702392578125,23318.10900852084,unknown_area,11.655075874965826,4.389754876878886,20250910_205534_3687560-uhd_2160_3840_30fps.mp4
2025-09-14 18:40:27.613931,51,17,person,0.4150342643260956,1097.8740234375,-546.784423828125,1182.370849609375,-390.81103515625,1140.1224365234375,-468.7977294921875,84.496826171875,155.973388671875,13179.25631004572,unknown_area,12.833630249856274,64.7904644759433,20250910_205534_3687560-uhd_2160_3840_30fps.mp4
2025-09-14 18:40:27.613931,51,20,person,0.21488967537879944,720.3221435546875,-457.629638671875,783.5377197265625,-291.6778564453125,751.929931640625,-374.65374755859375,63.215576171875,165.9517822265625,10490.737530201674,unknown_area,2.6547407221349353,-103.03773481548785,20250910_205534_3687560-uhd_2160_3840_30fps.mp4
2025-09-14 18:40:27.613931,51,28,umbrella,0.3685741126537323,1434.3123779296875,519.866943359375,1732.7940673828125,625.8909912109375,1583.55322265625,572.8789672851562,298.481689453125,106.0240478515625,31646.236925393343,entrance,10.322865040614493,-126.37798537871683,20250910_205534_3687560-uhd_2160_3840_30fps.mp4
2025-09-14 18:40:27.613931,51,37,person,0.2649993896484375,676.384033203125,-2169.153076171875,788.9410400390625,-1938.837646484375,732.6625366210938,-2053.995361328125,112.5570068359375,230.3154296875,25923.61539375782,unknown_area,170.1748285865908,-71.36491299454187,20250910_205534_3687560-uhd_2160_3840_30fps.mp4
2025-09-14 18:40:27.613931,51,48,person,0.39782288670539856,1090.3878173828125,-2502.37939453125,1190.062255859375,-2268.8955078125,1140.2250366210938,-2385.637451171875,99.6744384765625,233.48388671875,23272.375302016735,unknown_area,,,20250910_205534_3687560-uhd_2160_3840_30fps.mp4
2025-09-14 18:40:27.758829,54,1,person,0.5094829201698303,1374.867431640625,-2712.246826171875,1499.566650390625,-2485.889404296875,1437.217041015625,-2599.068115234375,124.69921875,226.357421875,28226.59366607666,unknown_area,5.081286096822842,-109.96565734953505,20250910_205534_3687560-uhd_2160_3840_30fps.mp4
2025-09-14 18:40:27.758829,54,2,person,0.26044657826423645,428.4853210449219,84.728515625,502.5666809082031,267.4327392578125,465.5260009765625,176.08062744140625,74.08135986328125,182.7042236328125,13534.977339483798,entrance,30.428011731877238,148.72939757791707,20250910_205534_3687560-uhd_2160_3840_30fps.mp4
2025-09-14 18:40:27.758829,54,3,person,0.1551334112882614,1126.98291015625,-954.4364013671875,1215.05615234375,-772.1644287109375,1171.01953125,-863.3004150390625,88.0732421875,182.27197265625,16053.283591747284,unknown_area,151.46387307652975,-137.8479449299473,20250910_205534_3687560-uhd_2160_3840_30fps.mp4
2025-09-14 18:40:27.758829,54,5,person,0.20303909480571747,1799.1773681640625,-2641.3212890625,1914.7015380859375,-2444.431640625,1856.939453125,-2542.87646484375,115.524169921875,196.8896484375,22745.51320195198,unknown_area,27.421708575061512,-112.8515423249544,20250910_205534_3687560-uhd_2160_3840_30fps.mp4
2025-09-14 18:40:27.758829,54,17,person,0.3768327832221985,1097.0311279296875,-546.5496826171875,1182.104736328125,-391.953125,1139.5679321289062,-469.25140380859375,85.0736083984375,154.5965576171875,13152.08700247109,unknown_area,4.944488158958916,-140.71128000548072,20250910_205534_3687560-uhd_2160_3840_30fps.mp4
2025-09-14 18:40:27.758829,54,20,person,0.23986591398715973,720.3018188476562,-458.953369140625,783.438232421875,-291.2996826171875,751.8700256347656,-375.12652587890625,63.13641357421875,167.6536865234375,10585.052489586174,unknown_area,3.288924408953941,-97.221496017336,20250910_205534_3687560-uhd_2160_3840_30fps.mp4
2025-09-14 18:40:27.758829,54,28,umbrella,0.3665905296802521,1433.2991943359375,519.38037109375,1733.133056640625,626.0757141113281,1583.2161254882812,572.7280426025391,299.8338623046875,106.69534301757812,31990.87678688392,entrance,2.548972251589634,-155.88104830961726,20250910_205534_3687560-uhd_2160_3840_30fps.mp4
2025-09-14 18:40:27.758829,54,37,person,0.2997678518295288,686.2564697265625,-2176.579345703125,798.1812744140625,-1962.9267578125,742.2188720703125,-2069.7530517578125,111.9248046875,213.652587890625,23913.02417063713,unknown_area,127.18607928580325,-58.765059340021295,20250910_205534_3687560-uhd_2160_3840_30fps.mp4
2025-09-14 18:40:27.758829,54,48,person,0.26796528697013855,1091.0626220703125,-2487.47802734375,1185.0582275390625,-2268.57373046875,1138.0604248046875,-2378.02587890625,93.99560546875,218.904296875,20576.041924476624,unknown_area,54.61344945091022,105.87492090026885,20250910_205534_3687560-uhd_2160_3840_30fps.mp4
2025-09-14 18:40:27.902458,57,1,person,0.5212780833244324,1374.4381103515625,-2716.640380859375,1499.3961181640625,-2484.35107421875,1436.9171142578125,-2600.4957275390625,124.9580078125,232.289306640625,29026.408993959427,unknown_area,10.156569334337933,-101.8647058850249,20250910_205534_3687560-uhd_2160_3840_30fps.mp4
2025-09-14 18:40:27.902458,57,2,person,0.23173631727695465,425.8617248535156,85.24774169921875,500.5882568359375,268.7281494140625,463.22499084472656,176.98794555664062,74.72653198242188,183.48040771484375,13710.854555251077,entrance,17.220990211727326,158.48003968183014,20250910_205534_3687560-uhd_2160_3840_30fps.mp4
2025-09-14 18:40:27.902458,57,3,person,0.36019212007522583,1110.986328125,-958.6627197265625,1197.1407470703125,-775.9891357421875,1154.0635375976562,-867.325927734375,86.1544189453125,182.673583984375,15738.136484831572,unknown_area,121.33546182106817,-166.64469415198283,20250910_205534_3687560-uhd_2160_3840_30fps.mp4
2025-09-14 18:40:27.902458,57,5,person,0.15286381542682648,1799.6409912109375,-2641.448486328125,1908.5877685546875,-2449.976806640625,1854.1143798828125,-2545.712646484375,108.94677734375,191.4716796875,20860.222454547882,unknown_area,27.871247616721188,-134.8875755386451,20250910_205534_3687560-uhd_2160_3840_30fps.mp4
2025-09-14 18:40:27.902458,57,17,person,0.39992406964302063,1097.210693359375,-545.164794921875,1181.6004638671875,-390.9827880859375,1139.4055786132812,-468.07379150390625,84.3897705078125,154.1820068359375,13011.384173318744,unknown_area,8.276540219879863,97.84969567472628,20250910_205534_3687560-uhd_2160_3840_30fps.mp4
2025-09-14 18:40:27.902458,57,20,person,0.2219553291797638,720.790283203125,-460.0308837890625,783.8067016601562,-291.468017578125,752.2984924316406,-375.74945068359375,63.01641845703125,168.5628662109375,10622.228113465011,unknown_area,5.263943659160762,-55.4786131195273,20250910_205534_3687560-uhd_2160_3840_30fps.mp4
2025-09-14 18:40:27.902458,57,28,umbrella,0.34488290548324585,1432.282470703125,518.06591796875,1733.469970703125,625.8128662109375,1582.876220703125,571.9393920898438,301.1875,107.7469482421875,32452.033973693848,entrance,5.979161947402879,-113.31582250659297,20250910_205534_3687560-uhd_2160_3840_30fps.mp4
2025-09-14 18:40:27.902458,57,48,person,0.22927291691303253,1089.968505859375,-2473.562744140625,1182.1695556640625,-2265.86328125,1136.0690307617188,-2369.7130126953125,92.2010498046875,207.699462890625,19150.10852238536,unknown_area,59.514887721602975,103.47165790089838,20250910_205534_3687560-uhd_2160_3840_30fps.mp4
2025-09-14 18:40:28.050705,60,1,person,0.4767507016658783,1374.868896484375,-2719.093994140625,1499.8658447265625,-2483.725341796875,1437.3673706054688,-2601.40966796875,124.9969482421875,235.36865234375,29420.363254845142,unknown_area,6.872527799493226,-63.772656137693446,20250910_205534_3687560-uhd_2160_3840_30fps.mp4
2025-09-14 18:40:28.050705,60,2,person,0.2115396410226822,423.885986328125,84.93017578125,498.05413818359375,268.91693115234375,460.9700622558594,176.92355346679688,74.16815185546875,183.98675537109375,13645.957611758262,entrance,15.216819205482325,-178.36429736767474,20250910_205534_3687560-uhd_2160_3840_30fps.mp4
2025-09-14 18:40:28.050705,60,3,person,0.17895516753196716,1099.9415283203125,-962.641845703125,1184.7076416015625,-783.3804931640625,1142.3245849609375,-873.0111694335938,84.76611328125,179.2613525390625,15195.288116276264,unknown_area,87.98287167934528,-154.15882848365953,20250910_205534_3687560-uhd_2160_3840_30fps.mp4
2025-09-14 18:40:28.050705,60,17,person,0.3716042637825012,1096.4996337890625,-547.0029296875,1180.79150390625,-394.4197998046875,1138.6455688476562,-470.71136474609375,84.2918701171875,152.5831298828125,12861.517366155982,unknown_area,18.515636145587465,-106.07419664950375,20250910_205534_3687560-uhd_2160_3840_30fps.mp4
2025-09-14 18:40:28.050705,60,20,person,0.21092204749584198,720.3915405273438,-456.286376953125,782.2534790039062,-291.465087890625,751.322509765625,-373.875732421875,61.8619384765625,164.8212890625,10196.164443612099,unknown_area,14.250993970422455,117.51411300562913,20250910_205534_3687560-uhd_2160_3840_30fps.mp4
2025-09-14 18:40:28.050705,60,28,umbrella,0.3328855633735657,1432.2945556640625,517.0042114257812,1733.8953857421875,625.8475036621094,1583.094970703125,571.4258575439453,301.600830078125,108.84329223632812,32827.2272869125,entrance,3.7652291337433788,-66.92747961790589,20250910_205534_3687560-uhd_2160_3840_30fps.mp4
2025-09-14 18:40:28.050705,60,48,person,0.16553457081317902,1091.4180908203125,-2461.3984375,1174.379638671875,-2258.287109375,1132.8988647460938,-2359.8427734375,82.9615478515625,203.111328125,16850.4301674366,unknown_area,69.92957590005594,107.80620354969372,20250910_205534_3687560-uhd_2160_3840_30fps.mp4
2025-09-14 18:40:28.050705,60,8,person,0.3286203444004059,1375.4749755859375,-2041.45361328125,1481.2701416015625,-1800.349853515625,1428.37255859375,-1920.9017333984375,105.795166015625,241.103759765625,25507.612291395664,unknown_area,127.66377460330477,-57.12095284130607,20250910_205534_3687560-uhd_2160_3840_30fps.mp4
2025-09-14 18:40:28.050705,60,37,person,0.3818538188934326,698.5674438476562,-2202.514892578125,825.4520263671875,-1991.16748046875,762.0097351074219,-2096.8411865234375,126.88458251953125,211.347412109375,26816.72815208137,unknown_area,114.93804635621335,-53.847761044471966,20250910_205534_3687560-uhd_2160_3840_30fps.mp4
2025-09-14 18:40:28.193686,63,1,person,0.4575156569480896,1373.87548828125,-2721.851318359375,1499.908203125,-2483.24755859375,1436.891845703125,-2602.5494384765625,126.03271484375,238.603759765625,30071.879615187645,unknown_area,8.63744259311075,-112.64643887169314,20250910_205534_3687560-uhd_2160_3840_30fps.mp4
2025-09-14 18:40:28.193686,63,2,person,0.16109001636505127,419.5251159667969,86.518798828125,499.02935791015625,269.085205078125,459.27723693847656,177.802001953125,79.50424194335938,182.56640625,14514.803733229637,entrance,13.33868388373766,152.57409660306786,20250910_205534_3687560-uhd_2160_3840_30fps.mp4
2025-09-14 18:40:28.193686,63,17,person,0.38942718505859375,1095.298828125,-546.5013427734375,1182.7587890625,-390.5262451171875,1139.02880859375,-468.5137939453125,87.4599609375,155.97509765625,13641.575948238373,unknown_area,15.601636404535647,80.10753389565075,20250910_205534_3687560-uhd_2160_3840_30fps.mp4
2025-09-14 18:40:28.193686,63,20,person,0.16200976073741913,719.7613525390625,-454.83203125,781.5216674804688,-291.62841796875,750.6415100097656,-373.230224609375,61.76031494140625,163.20361328125,10079.506555825472,unknown_area,6.562537527134562,136.53263619571374,20250910_205534_3687560-uhd_2160_3840_30fps.mp4
2025-09-14 18:40:28.193686,63,28,umbrella,0.3338511288166046,1431.9920654296875,517.0067138671875,1734.070068359375,626.1019592285156,1583.0310668945312,571.5543365478516,302.0780029296875,109.09524536132812,32955.273847874254,entrance,1.003588453749399,116.44516290338103,20250910_205534_3687560-uhd_2160_3840_30fps.mp4
2025-09-14 18:40:28.193686,63,48,person,0.21596819162368774,1089.7117919921875,-2458.907470703125,1176.00244140625,-2261.990234375,1132.8571166992188,-2360.4488525390625,86.2906494140625,196.917236328125,16992.116203576326,unknown_area,4.2489229210728965,-93.94043366039757,20250910_205534_3687560-uhd_2160_3840_30fps.mp4
2025-09-14 18:40:28.193686,63,8,person,0.28635281324386597,1391.9322509765625,-2043.7490234375,1495.759765625,-1807.056640625,1443.8460083007812,-1925.40283203125,103.8275146484375,236.6923828125,24575.18184363842,unknown_area,112.70604798764286,-16.219276864385662,20250910_205534_3687560-uhd_2160_3840_30fps.mp4
2025-09-14 18:40:28.193686,63,37,person,0.432088702917099,702.2513427734375,-2248.70556640625,838.2865600585938,-2006.342529296875,770.2689514160156,-2127.5240478515625,136.03521728515625,242.363037109375,32969.908415064216,unknown_area,222.2325455975167,-74.93421770278586,20250910_205534_3687560-uhd_2160_3840_30fps.mp4
2025-09-14 18:40:28.341394,66,1,person,0.43213939666748047,1373.8106689453125,-2715.87939453125,1500.743408203125,-2486.525146484375,1437.2770385742188,-2601.2022705078125,126.9327392578125,229.354248046875,29112.562965005636,unknown_area,9.485978489772695,74.0432907145687,20250910_205534_3687560-uhd_2160_3840_30fps.mp4
2025-09-14 18:40:28.341394,66,17,person,0.4097238779067993,1094.95263671875,-549.0614013671875,1181.5511474609375,-393.2039794921875,1138.2518920898438,-471.1326904296875,86.5985107421875,155.857421875,13497.020622491837,unknown_area,18.493961528542762,-106.52340924054604,20250910_205534_3687560-uhd_2160_3840_30fps.mp4
2025-09-14 18:40:28.341394,66,20,person,0.19761665165424347,720.4684448242188,-457.7222900390625,783.496826171875,-291.605712890625,751.9826354980469,-374.66400146484375,63.02838134765625,166.1165771484375,10470.058972679079,unknown_area,13.291397161000782,-46.912341504370175,20250910_205534_3687560-uhd_2160_3840_30fps.mp4
2025-09-14 18:40:28.341394,66,28,umbrella,0.3352424204349518,1433.1163330078125,515.818603515625,1734.0255126953125,624.8764343261719,1583.5709228515625,570.3475189208984,300.9091796875,109.05783081054688,32816.50240769982,entrance,8.950524055398,-65.89919516108299,20250910_205534_3687560-uhd_2160_3840_30fps.mp4
2025-09-14 18:40:28.341394,66,48,person,0.26520460844039917,1088.1287841796875,-2459.145263671875,1177.06689453125,-2263.353759765625,1132.5978393554688,-2361.24951171875,88.9381103515625,195.79150390625,17413.326380312443,unknown_area,5.697684924439509,-107.94350127409369,20250910_205534_3687560-uhd_2160_3840_30fps.mp4
2025-09-14 18:40:28.341394,66,8,person,0.3213863968849182,1403.7384033203125,-2042.753173828125,1498.7796630859375,-1817.558837890625,1451.259033203125,-1930.156005859375,95.041259765625,225.1943359375,21402.75337958336,unknown_area,59.617609985082915,-32.66767645161845,20250910_205534_3687560-uhd_2160_3840_30fps.mp4
2025-09-14 18:40:28.341394,66,37,person,0.449204683303833,705.1569213867188,-2279.041015625,846.1656494140625,-2022.44873046875,775.6612854003906,-2150.744873046875,141.00872802734375,256.59228515625,36181.75175151229,unknown_area,161.3907694812287,-76.92650237448112,20250910_205534_3687560-uhd_2160_3840_30fps.mp4
2025-09-14 18:40:28.341394,66,4,umbrella,0.4402521252632141,1012.2674560546875,178.5050048828125,1257.71875,320.8773193359375,1134.9931030273438,249.691162109375,245.4512939453125,142.372314453125,34945.46880450845,entrance,6.353797166266546,-72.61478014615449,20250910_205534_3687560-uhd_2160_3840_30fps.mp4
2025-09-14 18:40:28.499474,69,1,person,0.51502525806427,1375.021240234375,-2720.159423828125,1500.9681396484375,-2483.9716796875,1437.9946899414062,-2602.0655517578125,125.9468994140625,236.187744140625,29747.114054113626,unknown_area,7.101600714072083,-50.26303033454512,20250910_205534_3687560-uhd_2160_3840_30fps.mp4
2025-09-14 18:40:28.499474,69,17,person,0.4082132577896118,1092.544921875,-550.0731201171875,1180.5703125,-395.48681640625,1136.5576171875,-472.77996826171875,88.025390625,154.5863037109375,13607.51976943016,unknown_area,14.948559469815319,-135.80577996666642,20250910_205534_3687560-uhd_2160_3840_30fps.mp4
2025-09-14 18:40:28.499474,69,20,person,0.24202042818069458,720.0187377929688,-457.5098876953125,783.8921508789062,-291.9727783203125,751.9554443359375,-374.7413330078125,63.8734130859375,165.537109375,10573.420168161392,unknown_area,0.518552125914598,-109.37259186758045,20250910_205534_3687560-uhd_2160_3840_30fps.mp4
2025-09-14 18:40:28.499474,69,28,umbrella,0.32659363746643066,1433.8946533203125,514.8410034179688,1735.2176513671875,625.2658386230469,1584.55615234375,570.0534210205078,301.322998046875,110.42483520507812,33273.54240282625,entrance,6.504226212840289,-16.6207325924056,20250910_205534_3687560-uhd_2160_3840_30fps.mp4
2025-09-14 18:40:28.499474,69,48,person,0.2144019603729248,1088.8309326171875,-2460.857421875,1178.3909912109375,-2267.858154296875,1133.6109619140625,-2364.3577880859375,89.56005859375,192.999267578125,17285.02571284771,unknown_area,20.680794423294042,-71.94695649525194,20250910_205534_3687560-uhd_2160_3840_30fps.mp4
2025-09-14 18:40:28.499474,69,8,person,0.2785692512989044,1414.8079833984375,-2067.130126953125,1518.2332763671875,-1838.18408203125,1466.5206298828125,-1952.6571044921875,103.42529296875,228.946044921875,23678.81177008152,unknown_area,171.99217368198302,-55.85252233165657,20250910_205534_3687560-uhd_2160_3840_30fps.mp4
2025-09-14 18:40:28.499474,69,37,person,0.34117308259010315,711.2764282226562,-2311.155029296875,853.2238159179688,-2052.176513671875,782.2501220703125,-2181.665771484375,141.9473876953125,258.978515625,36761.32376217842,unknown_area,199.99432477193875,-77.97093355461062,20250910_205534_3687560-uhd_2160_3840_30fps.mp4
2025-09-14 18:40:28.499474,69,4,umbrella,0.3873105049133301,1013.5426025390625,177.06402587890625,1257.443115234375,314.99700927734375,1135.4928588867188,246.030517578125,243.9005126953125,137.9329833984375,33641.925368472934,entrance,23.371714929377944,-82.22596701518123,20250910_205534_3687560-uhd_2160_3840_30fps.mp4
2025-09-14 18:40:28.681131,72,1,person,0.5106920599937439,1373.6434326171875,-2715.175048828125,1500.6240234375,-2485.61376953125,1437.1337280273438,-2600.3944091796875,126.9805908203125,229.561279296875,29149.82687458396,unknown_area,10.348549272288407,117.25723265172176,20250910_205534_3687560-uhd_2160_3840_30fps.mp4
2025-09-14 18:40:28.681131,72,17,person,0.4713808596134186,1093.271728515625,-549.786376953125,1179.91650390625,-395.1988525390625,1136.5941162109375,-472.49261474609375,86.644775390625,154.5875244140625,13394.201331049204,unknown_area,1.5945559733537493,82.76117691030377,20250910_205534_3687560-uhd_2160_3840_30fps.mp4
2025-09-14 18:40:28.681131,72,20,person,0.33453860878944397,719.2930908203125,-458.9578857421875,783.071044921875,-290.8463134765625,751.1820678710938,-374.902099609375,63.7779541015625,168.111572265625,10721.812139898539,unknown_area,4.3483572022133945,-168.2568127556146,20250910_205534_3687560-uhd_2160_3840_30fps.mp4
2025-09-14 18:40:28.681131,72,28,umbrella,0.3574090898036957,1433.7496337890625,515.4327392578125,1734.445556640625,625.197998046875,1584.0975952148438,570.3153686523438,300.6959228515625,109.7652587890625,33005.96578861773,entrance,2.9071354672136263,150.26312687196477,20250910_205534_3687560-uhd_2160_3840_30fps.mp4
2025-09-14 18:40:28.681131,72,48,person,0.131608784198761,1089.4146728515625,-2460.23046875,1177.033935546875,-2267.424560546875,1133.2243041992188,-2363.8275146484375,87.6192626953125,192.805908203125,16893.511520057917,unknown_area,3.6127035601308335,126.098283967108,20250910_205534_3687560-uhd_2160_3840_30fps.mp4
2025-09-14 18:40:28.681131,72,8,person,0.18027310073375702,1419.342529296875,-2079.197265625,1529.475830078125,-1852.3203125,1474.4091796875,-1965.7587890625,110.13330078125,226.876953125,24986.707718849182,unknown_area,84.18748221521584,-58.94777207939003,20250910_205534_3687560-uhd_2160_3840_30fps.mp4
2025-09-14 18:40:28.681131,72,37,person,0.5027084946632385,718.9623413085938,-2324.44873046875,860.5275268554688,-2075.001708984375,789.7449340820312,-2199.7252197265625,141.565185546875,249.447021484375,35313.01388055086,unknown_area,107.63636675497527,-67.46116836826617,20250910_205534_3687560-uhd_2160_3840_30fps.mp4
2025-09-14 18:40:28.681131,72,4,umbrella,0.3659137487411499,1012.14794921875,176.79852294921875,1257.1988525390625,317.89215087890625,1134.6734008789062,247.3453369140625,245.0509033203125,141.0936279296875,34575.120976909995,entrance,8.528587802871026,121.93312528320284,20250910_205534_3687560-uhd_2160_3840_30fps.mp4
2025-09-14 18:40:28.853034,75,1,person,0.5319411754608154,1373.515625,-2713.084716796875,1500.342041015625,-2486.6044921875,1436.9288330078125,-2599.8446044921875,126.826416015625,226.480224609375,28723.675185620785,unknown_area,3.4132204945290803,110.43885184849299,20250910_205534_3687560-uhd_2160_3840_30fps.mp4
2025-09-14 18:40:28.853034,75,17,person,0.4455420672893524,1092.9332275390625,-548.2288818359375,1179.8262939453125,-393.30029296875,1136.3797607421875,-470.76458740234375,86.89306640625,154.9285888671875,13462.220160663128,unknown_area,10.129384566009827,97.07121002591863,20250910_205534_3687560-uhd_2160_3840_30fps.mp4
2025-09-14 18:40:28.853034,75,20,person,0.34295135736465454,718.4288330078125,-460.27099609375,783.179931640625,-290.508056640625,750.8043823242188,-375.3895263671875,64.7510986328125,169.762939453125,10992.336836725473,unknown_area,3.5870747640474376,-127.77052926818487,20250910_205534_3687560-uhd_2160_3840_30fps.mp4
2025-09-14 18:40:28.853034,75,28,umbrella,0.3388344347476959,1434.0213623046875,515.7445068359375,1734.2425537109375,625.3052978515625,1584.1319580078125,570.52490234375,300.22119140625,109.560791015625,32892.47121012211,entrance,1.2351889472665671,80.68659612178827,20250910_205534_3687560-uhd_2160_3840_30fps.mp4
2025-09-14 18:40:28.853034,75,48,person,0.17136150598526,1089.1038818359375,-2461.439453125,1178.2005615234375,-2265.400390625,1133.6522216796875,-2363.419921875,89.0966796875,196.0390625,17466.429557800293,unknown_area,3.4378093728093786,43.60649189679956,20250910_205534_3687560-uhd_2160_3840_30fps.mp4
2025-09-14 18:40:28.853034,75,8,person,0.15364745259284973,1424.868408203125,-2088.306396484375,1532.1473388671875,-1858.49267578125,1478.5078735351562,-1973.3995361328125,107.2789306640625,229.813720703125,24654.17020896077,unknown_area,50.43924667414257,-61.78974328293699,20250910_205534_3687560-uhd_2160_3840_30fps.mp4
2025-09-14 18:40:28.853034,75,37,person,0.429537296295166,724.8538208007812,-2327.65234375,868.3648681640625,-2096.407470703125,796.6093444824219,-2212.0299072265625,143.51104736328125,231.244873046875,33186.19392834604,unknown_area,81.96428497518228,-60.844182962544046,20250910_205534_3687560-uhd_2160_3840_30fps.mp4
2025-09-14 18:40:28.853034,75,4,umbrella,0.22078900039196014,1014.6859741210938,175.18109130859375,1257.31298828125,324.02734375,1135.9994812011719,249.60421752929688,242.62701416015625,148.84625244140625,36114.121798787266,entrance,15.237412472746247,59.58485130141326,20250910_205534_3687560-uhd_2160_3840_30fps.mp4
2025-09-14 18:40:28.853034,75,2,person,0.33445411920547485,394.0260925292969,89.02069091796875,471.60626220703125,267.70208740234375,432.81617736816406,178.36138916015625,77.58016967773438,178.681396484375,13862.133057512343,entrance,40.141126744826906,178.78894672345058,20250910_205534_3687560-uhd_2160_3840_30fps.mp4
2025-09-14 18:40:29.050963,78,1,person,0.5597888231277466,1371.9931640625,-2715.574951171875,1499.5037841796875,-2487.302978515625,1435.7484741210938,-2601.43896484375,127.5106201171875,228.27197265625,29107.100788772106,unknown_area,10.022492544227738,-126.5137978815568,20250910_205534_3687560-uhd_2160_3840_30fps.mp4
2025-09-14 18:40:29.050963,78,17,person,0.3597774803638458,1092.2615966796875,-548.75537109375,1180.84912109375,-393.96044921875,1136.5553588867188,-471.35791015625,88.5875244140625,154.794921875,13712.89892077446,unknown_area,3.126182370029878,-73.5135007123503,20250910_205534_3687560-uhd_2160_3840_30fps.mp4
2025-09-14 18:40:29.050963,78,20,person,0.32287684082984924,717.5867919921875,-464.263671875,784.8887329101562,-290.4317626953125,751.2377624511719,-377.34771728515625,67.30194091796875,173.8319091796875,11699.224881269038,unknown_area,10.132798791506406,-77.52064910396987,20250910_205534_3687560-uhd_2160_3840_30fps.mp4
2025-09-14 18:40:29.050963,78,28,umbrella,0.2911086082458496,1432.235107421875,514.33837890625,1734.7742919921875,624.7104797363281,1583.5046997070312,569.5244293212891,302.5391845703125,110.37210083007812,33391.88538444415,entrance,5.966012224902109,-122.08613825013238,20250910_205534_3687560-uhd_2160_3840_30fps.mp4
2025-09-14 18:40:29.050963,78,48,person,0.17430396378040314,1088.5872802734375,-2462.47607421875,1179.5179443359375,-2265.349365234375,1134.0526123046875,-2363.9127197265625,90.9306640625,197.126708984375,17924.862552404404,unknown_area,3.2079719855829465,-50.90667542982832,20250910_205534_3687560-uhd_2160_3840_30fps.mp4
2025-09-14 18:40:29.050963,78,8,person,0.1833706796169281,1437.1142578125,-2100.88232421875,1540.9893798828125,-1877.18603515625,1489.0518188476562,-1989.0341796875,103.8751220703125,223.6962890625,23236.4793330431,unknown_area,95.27561089986015,-56.00442042191038,20250910_205534_3687560-uhd_2160_3840_30fps.mp4
2025-09-14 18:40:29.050963,78,37,person,0.362544983625412,733.6865844726562,-2326.5341796875,872.8681640625,-2115.822021484375,803.2773742675781,-2221.1781005859375,139.18157958984375,210.712158203125,29327.25101749599,unknown_area,57.194381828713695,-53.912053888108126,20250910_205534_3687560-uhd_2160_3840_30fps.mp4
2025-09-14 18:40:29.050963,78,4,umbrella,0.22715608775615692,1015.0883178710938,175.969970703125,1258.28759765625,328.29412841796875,1136.6879577636719,252.13204956054688,243.19927978515625,152.32415771484375,37045.12545013055,entrance,13.236621269969902,74.7645490041282,20250910_205534_3687560-uhd_2160_3840_30fps.mp4
2025-09-14 18:40:29.050963,78,2,person,0.27930596470832825,387.91815185546875,90.41839599609375,466.55120849609375,263.77593994140625,427.23468017578125,177.09716796875,78.633056640625,173.3575439453125,13631.633572131395,entrance,28.91380711852748,-167.2377224840849,20250910_205534_3687560-uhd_2160_3840_30fps.mp4
2025-09-14 18:40:29.255214,81,1,person,0.5735144019126892,1372.193603515625,-2716.263427734375,1499.5933837890625,-2486.48828125,1435.8934936523438,-2601.3758544921875,127.3997802734375,229.775146484375,29273.30317440629,unknown_area,0.7743258236779166,23.517961673692252,20250910_205534_3687560-uhd_2160_3840_30fps.mp4
2025-09-14 18:40:29.255214,81,17,person,0.255807489156723,1089.2607421875,-548.111328125,1181.6380615234375,-396.6917724609375,1135.4494018554688,-472.40155029296875,92.3773193359375,151.4195556640625,13987.732647284865,unknown_area,7.4449247186077505,-136.6605415029989,20250910_205534_3687560-uhd_2160_3840_30fps.mp4
2025-09-14 18:40:29.255214,81,20,person,0.3732873499393463,717.5804443359375,-463.635986328125,785.9080810546875,-289.1715087890625,751.7442626953125,-376.40374755859375,68.32763671875,174.4644775390625,11920.745441615582,unknown_area,5.244874690310812,61.783591272239946,20250910_205534_3687560-uhd_2160_3840_30fps.mp4
2025-09-14 18:40:29.255214,81,28,umbrella,0.20182806253433228,1429.068359375,512.6686401367188,1735.4761962890625,624.7870178222656,1582.2722778320312,568.7278289794922,306.4078369140625,112.11837768554688,34353.94958494231,entrance,7.184586387783645,-147.12259109889217,20250910_205534_3687560-uhd_2160_3840_30fps.mp4
2025-09-14 18:40:29.255214,81,48,person,0.12267833203077316,1088.9830322265625,-2462.818359375,1179.6502685546875,-2268.474609375,1134.316650390625,-2365.646484375,90.667236328125,194.34375,17620.610710144043,unknown_area,8.586272867805514,-81.34085848772277,20250910_205534_3687560-uhd_2160_3840_30fps.mp4
2025-09-14 18:40:29.255214,81,8,person,0.1908894032239914,1452.6583251953125,-2095.600830078125,1548.4091796875,-1893.431640625,1500.5337524414062,-1994.5162353515625,95.7508544921875,202.169189453125,19357.87264212966,unknown_area,62.29350674751623,-25.52216872392643,20250910_205534_3687560-uhd_2160_3840_30fps.mp4
2025-09-14 18:40:29.255214,81,37,person,0.3610571324825287,746.9713745117188,-2340.945556640625,875.6048583984375,-2135.706787109375,811.2881164550781,-2238.326171875,128.63348388671875,205.23876953125,26400.57795342803,unknown_area,92.66501031009162,-64.96031343265163,20250910_205534_3687560-uhd_2160_3840_30fps.mp4
2025-09-14 18:40:29.255214,81,4,umbrella,0.2773717939853668,1017.1107788085938,174.518798828125,1259.065185546875,330.027587890625,1138.0879821777344,252.273193359375,241.95440673828125,155.5087890625,37626.03680020571,entrance,6.889176309567958,5.756836794253537,20250910_205534_3687560-uhd_2160_3840_30fps.mp4
2025-09-14 18:40:29.255214,81,2,person,0.32761409878730774,382.07659912109375,89.27557373046875,456.95697021484375,261.90594482421875,419.51678466796875,175.59075927734375,74.88037109375,172.63037109375,12926.626249551773,entrance,38.49936947709702,-168.95564244810922,20250910_205534_3687560-uhd_2160_3840_30fps.mp4
2025-09-14 18:40:29.255214,81,88,person,0.34500548243522644,550.97119140625,-725.01123046875,632.8452758789062,-532.2481689453125,591.9082336425781,-628.6296997070312,81.87408447265625,192.7630615234375,15782.299182377756,unknown_area,,,20250910_205534_3687560-uhd_2160_3840_30fps.mp4
2025-09-14 18:40:29.466899,84,1,person,0.5537417531013489,1373.3526611328125,-2717.18359375,1499.7769775390625,-2489.013671875,1436.5648193359375,-2603.0986328125,126.42431640625,228.169921875,28846.226397514343,unknown_area,8.734475086695683,-68.71032198224937,20250910_205534_3687560-uhd_2160_3840_30fps.mp4
2025-09-14 18:40:29.466899,84,17,person,0.1968851089477539,1088.6080322265625,-546.4962158203125,1181.7047119140625,-397.790283203125,1135.1563720703125,-472.14324951171875,93.0966796875,148.7059326171875,13844.028576493263,unknown_area,1.8452996583447943,138.6043707921579,20250910_205534_3687560-uhd_2160_3840_30fps.mp4
2025-09-14 18:40:29.466899,84,20,person,0.404107928276062,717.4155883789062,-469.3115234375,787.5841064453125,-290.98681640625,752.4998474121094,-380.149169921875,70.16851806640625,178.32470703125,12512.780427008867,unknown_area,18.049821493037204,-78.59448624724334,20250910_205534_3687560-uhd_2160_3840_30fps.mp4
2025-09-14 18:40:29.466899,84,28,umbrella,0.1429002434015274,1426.2215576171875,508.67669677734375,1736.0908203125,623.0539855957031,1581.1561889648438,565.8653411865234,309.8692626953125,114.37728881835938,35442.00615523383,entrance,14.513902357170378,-111.30089502069622,20250910_205534_3687560-uhd_2160_3840_30fps.mp4
2025-09-14 18:40:29.466899,84,48,person,0.2639634311199188,1089.7142333984375,-2466.35302734375,1179.798828125,-2270.736328125,1134.7565307617188,-2368.544677734375,90.0845947265625,195.61669921875,17622.05107086897,unknown_area,13.847864756127406,-81.36966157127435,20250910_205534_3687560-uhd_2160_3840_30fps.mp4
2025-09-14 18:40:29.466899,84,8,person,0.28306663036346436,1461.7366943359375,-2112.944580078125,1557.47119140625,-1896.2119140625,1509.6039428710938,-2004.5782470703125,95.7344970703125,216.732666015625,20748.79277971387,unknown_area,63.99450189312426,-47.967580472829546,20250910_205534_3687560-uhd_2160_3840_30fps.mp4
2025-09-14 18:40:29.466899,84,37,person,0.4343428313732147,761.89501953125,-2386.40234375,898.826904296875,-2157.817626953125,830.3609619140625,-2272.1099853515625,136.931884765625,228.584716796875,31300.536099612713,unknown_area,183.27169831098,-60.552850687520554,20250910_205534_3687560-uhd_2160_3840_30fps.mp4
2025-09-14 18:40:29.466899,84,4,boat,0.14678993821144104,1015.2442626953125,173.8134765625,1259.15478515625,313.1622314453125,1137.1995239257812,243.48785400390625,243.9105224609375,139.3487548828125,33988.62760774791,entrance,41.7136302023605,-95.77466901556632,20250910_205534_3687560-uhd_2160_3840_30fps.mp4
2025-09-14 18:40:29.466899,84,2,person,0.3109450936317444,378.37274169921875,85.94366455078125,451.4246520996094,262.5811767578125,414.89869689941406,174.26242065429688,73.05191040039062,176.63751220703125,12903.707715095952,entrance,22.700390961485866,-163.95274126641465,20250910_205534_3687560-uhd_2160_3840_30fps.mp4
2025-09-14 18:40:29.466899,84,88,person,0.35592299699783325,550.8724365234375,-733.3297119140625,633.7661743164062,-534.225341796875,592.3193054199219,-633.7775268554688,82.89373779296875,199.1043701171875,16504.505449928343,unknown_area,24.395747539197743,-85.43442192053307,20250910_205534_3687560-uhd_2160_3840_30fps.mp4
2025-09-14 18:40:29.698908,87,1,person,0.5425734519958496,1372.8223876953125,-2719.48046875,1500.202880859375,-2489.520751953125,1436.5126342773438,-2604.5006103515625,127.3804931640625,229.959716796875,29292.382133454084,unknown_area,6.046956933213367,-92.13170595727091,20250910_205534_3687560-uhd_2160_3840_30fps.mp4
2025-09-14 18:40:29.698908,87,17,person,0.13802388310432434,1084.7606201171875,-573.937255859375,1181.7001953125,-397.683349609375,1133.2304077148438,-485.810302734375,96.9395751953125,176.25390625,17085.978798389435,unknown_area,59.48945854271971,-98.02131588761488,20250910_205534_3687560-uhd_2160_3840_30fps.mp4
2025-09-14 18:40:29.698908,87,20,person,0.39705121517181396,716.5711059570312,-476.9451904296875,786.8115844726562,-294.8126220703125,751.6913452148438,-385.87890625,70.240478515625,182.132568359375,12793.078754842281,unknown_area,24.940832362684407,-98.03177174001411,20250910_205534_3687560-uhd_2160_3840_30fps.mp4
2025-09-14 18:40:29.698908,87,28,umbrella,0.19128000736236572,1429.3831787109375,506.9521484375,1735.010498046875,621.6534118652344,1582.1968383789062,564.3027801513672,305.6273193359375,114.70126342773438,35055.83966586366,entrance,8.091832686544308,-56.33679721452628,20250910_205534_3687560-uhd_2160_3840_30fps.mp4
2025-09-14 18:40:29.698908,87,48,person,0.2951030135154724,1088.4185791015625,-2466.0634765625,1179.734130859375,-2269.405517578125,1134.0763549804688,-2367.7344970703125,91.3155517578125,196.657958984375,17957.930032223463,unknown_area,4.5594912045716836,130.01466649005633,20250910_205534_3687560-uhd_2160_3840_30fps.mp4
2025-09-14 18:40:29.698908,87,8,person,0.3360453248023987,1472.1964111328125,-2146.697998046875,1569.8612060546875,-1893.964599609375,1521.02880859375,-2020.331298828125,97.664794921875,252.7333984375,24683.15552830696,unknown_area,83.87545811814462,-54.04858391639028,20250910_205534_3687560-uhd_2160_3840_30fps.mp4
2025-09-14 18:40:29.698908,87,37,person,0.417611688375473,774.8045654296875,-2412.3349609375,910.50634765625,-2179.392333984375,842.6554565429688,-2295.8636474609375,135.7017822265625,232.942626953125,31610.729634076357,unknown_area,115.28343881252233,-62.63467871963684,20250910_205534_3687560-uhd_2160_3840_30fps.mp4
2025-09-14 18:40:29.698908,87,4,umbrella,0.2553950846195221,1014.0542602539062,172.56634521484375,1256.763671875,301.93798828125,1135.4089660644531,237.25216674804688,242.70941162109375,129.37164306640625,31399.715369101614,entrance,27.963020346233666,-106.0212515514296,20250910_205534_3687560-uhd_2160_3840_30fps.mp4
2025-09-14 18:40:29.698908,87,2,person,0.29123297333717346,371.0784606933594,84.75335693359375,446.9400634765625,259.6466064453125,409.00926208496094,172.19998168945312,75.86160278320312,174.89324951171875,13267.682223921642,entrance,26.89602534449774,-160.7001020425677,20250910_205534_3687560-uhd_2160_3840_30fps.mp4
2025-09-14 18:40:29.698908,87,88,person,0.34408196806907654,547.9412841796875,-735.31689453125,630.162353515625,-530.8856201171875,589.0518188476562,-633.1012573242188,82.2210693359375,204.4312744140625,16808.5579880327,unknown_area,14.38192603083647,168.30663175040615,20250910_205534_3687560-uhd_2160_3840_30fps.mp4
2025-09-14 18:40:29.698908,87,95,person,0.4532422721385956,1076.1820068359375,-695.5213623046875,1182.091796875,-392.98291015625,1129.1369018554688,-544.2521362304688,105.9097900390625,302.5384521484375,32041.783945783973,unknown_area,,,20250910_205534_3687560-uhd_2160_3840_30fps.mp4
2025-09-14 18:40:29.872134,90,1,person,0.5670051574707031,1374.260498046875,-2720.3291015625,1500.7490234375,-2489.967529296875,1437.5047607421875,-2605.1483154296875,126.488525390625,230.361572265625,29138.095582544804,unknown_area,6.839828820089791,-33.138321370355946,20250910_205534_3687560-uhd_2160_3840_30fps.mp4
2025-09-14 18:40:29.872134,90,20,person,0.3827346861362457,717.5808715820312,-478.5914306640625,785.668212890625,-294.856689453125,751.6245422363281,-386.72406005859375,68.08734130859375,183.7347412109375,12510.010035075247,unknown_area,4.894125774060418,-94.51939913598582,20250910_205534_3687560-uhd_2160_3840_30fps.mp4
2025-09-14 18:40:29.872134,90,28,umbrella,0.14681659638881683,1434.0947265625,508.81072998046875,1737.9344482421875,621.6899108886719,1586.0145874023438,565.2503204345703,303.8397216796875,112.87918090820312,34297.17891057953,entrance,22.707783751415167,13.938782874860365,20250910_205534_3687560-uhd_2160_3840_30fps.mp4
2025-09-14 18:40:29.872134,90,48,person,0.276090145111084,1088.0870361328125,-2467.2763671875,1179.9276123046875,-2269.12548828125,1134.00732421875,-2368.200927734375,91.840576171875,198.15087890625,18198.290887713432,unknown_area,2.7219424257226104,-98.41854548928313,20250910_205534_3687560-uhd_2160_3840_30fps.mp4
2025-09-14 18:40:29.872134,90,8,person,0.2525027394294739,1483.814208984375,-2173.67578125,1578.0865478515625,-1912.66064453125,1530.9503784179688,-2043.168212890625,94.2723388671875,261.01513671875,24606.507418215275,unknown_area,143.73731411545648,-66.51731057067343,20250910_205534_3687560-uhd_2160_3840_30fps.mp4
2025-09-14 18:40:29.872134,90,37,person,0.48002803325653076,782.4740600585938,-2421.74462890625,917.5964965820312,-2196.51025390625,850.0352783203125,-2309.12744140625,135.1224365234375,225.234375,30434.217538833618,unknown_area,87.62312434560621,-60.908942415198254,20250910_205534_3687560-uhd_2160_3840_30fps.mp4
2025-09-14 18:40:29.872134,90,2,person,0.15748269855976105,363.111328125,85.05401611328125,446.0237731933594,257.85162353515625,404.5675506591797,171.45281982421875,82.91244506835938,172.797607421875,14327.07213331014,entrance,26.001379258041847,-170.45139201222693,20250910_205534_3687560-uhd_2160_3840_30fps.mp4
2025-09-14 18:40:29.872134,90,88,person,0.3380536139011383,549.0245971679688,-741.0733642578125,631.3834228515625,-533.7620849609375,590.2040100097656,-637.417724609375,82.35882568359375,207.311279296875,17073.913513854146,unknown_area,25.79057571915005,-75.05454029505464,20250910_205534_3687560-uhd_2160_3840_30fps.mp4
2025-09-14 18:40:29.872134,90,95,person,0.4677334129810333,1083.39306640625,-704.0809326171875,1182.536376953125,-400.04248046875,1132.9647216796875,-552.0617065429688,99.143310546875,304.0384521484375,30143.378679543734,unknown_area,50.207345015939836,-63.88845893445262,20250910_205534_3687560-uhd_2160_3840_30fps.mp4
2025-09-14 18:40:30.062933,93,1,person,0.6105252504348755,1377.3470458984375,-2720.73681640625,1501.693359375,-2492.456787109375,1439.5202026367188,-2606.5968017578125,124.3463134765625,228.280029296875,28385.78008338809,unknown_area,13.008237131429032,-35.70458192533678,20250910_205534_3687560-uhd_2160_3840_30fps.mp4
2025-09-14 18:40:30.062933,93,20,person,0.3382260501384735,718.3224487304688,-476.4249267578125,784.7135009765625,-294.263671875,751.5179748535156,-385.34429931640625,66.39105224609375,182.1612548828125,12093.877390138805,unknown_area,7.2530256924169,94.41653615203852,20250910_205534_3687560-uhd_2160_3840_30fps.mp4
2025-09-14 18:40:30.062933,93,48,person,0.3569830060005188,1087.87158203125,-2469.3544921875,1182.199951171875,-2269.683349609375,1135.0357666015625,-2369.5189208984375,94.328369140625,199.671142578125,18834.65324383974,unknown_area,8.761919342576203,-52.03475102306165,20250910_205534_3687560-uhd_2160_3840_30fps.mp4
2025-09-14 18:40:30.062933,93,8,person,0.19002678990364075,1492.7603759765625,-2185.318359375,1597.8607177734375,-1922.71533203125,1545.310546875,-2054.016845703125,105.100341796875,262.60302734375,27599.667930722237,unknown_area,94.32661616838027,-37.069841748945834,20250910_205534_3687560-uhd_2160_3840_30fps.mp4
2025-09-14 18:40:30.062933,93,37,person,0.4618382453918457,796.8082275390625,-2423.0830078125,930.9303588867188,-2215.66015625,863.8692932128906,-2319.37158203125,134.12213134765625,207.4228515625,27819.99494177103,unknown_area,90.22068833568714,-36.520088558976724,20250910_205534_3687560-uhd_2160_3840_30fps.mp4
2025-09-14 18:40:30.062933,93,2,person,0.18820977210998535,359.0120849609375,87.5343017578125,439.443359375,260.725830078125,399.22772216796875,174.13006591796875,80.4312744140625,173.1915283203125,13930.015340521932,entrance,31.307251343753425,153.37204744772313,20250910_205534_3687560-uhd_2160_3840_30fps.mp4
2025-09-14 18:40:30.062933,93,88,person,0.24000981450080872,551.7557983398438,-737.780029296875,632.515869140625,-535.1583251953125,592.1358337402344,-636.4691772460938,80.76007080078125,202.6217041015625,16363.743169017136,unknown_area,11.279592621087781,26.15156193178618,20250910_205534_3687560-uhd_2160_3840_30fps.mp4
2025-09-14 18:40:30.062933,93,95,person,0.518530547618866,1087.2227783203125,-712.9423828125,1182.2330322265625,-402.421875,1134.7279052734375,-557.68212890625,95.01025390625,310.5205078125,29502.63229036331,unknown_area,30.872791606005123,-72.5828289095976,20250910_205534_3687560-uhd_2160_3840_30fps.mp4
2025-09-14 18:40:30.062933,93,106,person,0.41401803493499756,320.4729919433594,-2226.130859375,460.2723083496094,-2011.02392578125,390.3726501464844,-2118.577392578125,139.79931640625,215.10693359375,30071.802270650864,unknown_area,,,20250910_205534_3687560-uhd_2160_3840_30fps.mp4
